position_x,position_y,task_type,wifi_rssi,wifi_snr,wifi_bandwidth,wifi_latency,wifi_distance,5g_rssi,5g_snr,5g_bandwidth,5g_latency,5g_distance,ble_rssi,ble_snr,ble_bandwidth,ble_latency,ble_distance,optimal_network
10,0,1,-94.1,0.9,11.51,994,134.5362404707371,-78.9,21.1,200.0,10,275.86228448267445,-999.0,-999.0,0.0,9999,9999.0,1
20,0,0,-94.5,0.5,10.94,996,128.06248474865697,-77.4,22.6,200.0,10,269.0724809414742,-999.0,-999.0,0.0,9999,9999.0,0
30,0,0,-91.7,3.3,16.47,971,122.06555615733703,-65.8,34.2,200.0,10,262.48809496813374,-999.0,-999.0,0.0,9999,9999.0,0
40,0,1,-94.5,0.5,10.91,996,116.61903789690601,-74.3,25.7,200.0,10,256.12496949731394,-999.0,-999.0,0.0,9999,9999.0,1
50,0,0,-999.0,-999.0,0.0,9999,9999.0,-68.1,31.9,200.0,10,250.0,-999.0,-999.0,0.0,9999,9999.0,1
60,0,0,-94.4,0.6,10.95,996,107.70329614269008,-70.1,29.9,200.0,10,244.13111231467406,-999.0,-999.0,0.0,9999,9999.0,0
70,0,0,-93.4,1.6,12.97,989,104.4030650891055,-73.5,26.5,200.0,10,238.53720883753127,-999.0,-999.0,0.0,9999,9999.0,0
80,0,0,-999.0,-999.0,0.0,9999,9999.0,-72.7,27.3,200.0,10,233.23807579381202,-999.0,-999.0,0.0,9999,9999.0,1
90,0,1,-88.9,6.1,23.54,878,100.4987562112089,-71.9,28.1,200.0,10,228.25424421026653,-999.0,-999.0,0.0,9999,9999.0,1
100,0,1,-88.6,6.4,24.25,862,100.0,-63.3,36.7,200.0,10,223.60679774997897,-999.0,-999.0,0.0,9999,9999.0,1
110,0,0,-93.4,1.6,12.95,990,100.4987562112089,-69.8,30.2,200.0,10,219.31712199461307,-999.0,-999.0,0.0,9999,9999.0,0
120,0,0,-94.4,0.6,11.1,995,101.9803902718557,-72.3,27.7,200.0,10,215.40659228538016,-999.0,-999.0,0.0,9999,9999.0,0
130,0,0,-81.7,13.3,44.82,166,104.4030650891055,-70.1,29.9,200.0,10,211.8962010041709,-999.0,-999.0,0.0,9999,9999.0,0
140,0,0,-86.2,8.8,30.91,654,107.70329614269008,-74.2,25.8,200.0,10,468.61498055439927,-999.0,-999.0,0.0,9999,9999.0,0
150,0,1,-999.0,-999.0,0.0,9999,9999.0,-76.2,23.8,200.0,10,460.9772228646444,-999.0,-999.0,0.0,9999,9999.0,1
160,0,0,-999.0,-999.0,0.0,9999,9999.0,-64.5,35.5,200.0,10,203.9607805437114,-999.0,-999.0,0.0,9999,9999.0,1
170,0,1,-93.7,1.3,12.28,992,122.06555615733703,-64.5,35.5,200.0,10,202.23748416156684,-999.0,-999.0,0.0,9999,9999.0,1
180,0,1,-999.0,-999.0,0.0,9999,9999.0,-68.2,31.8,200.0,10,200.9975124224178,-999.0,-999.0,0.0,9999,9999.0,1
190,0,1,-999.0,-999.0,0.0,9999,9999.0,-70.6,29.4,200.0,10,200.24984394500785,-999.0,-999.0,0.0,9999,9999.0,1
200,0,1,-999.0,-999.0,0.0,9999,9999.0,-77.0,23.0,200.0,10,200.0,-999.0,-999.0,0.0,9999,9999.0,1
210,0,0,-999.0,-999.0,0.0,9999,9999.0,-65.0,35.0,200.0,10,200.24984394500785,-999.0,-999.0,0.0,9999,9999.0,1
220,0,0,-999.0,-999.0,0.0,9999,9999.0,-67.3,32.7,200.0,10,200.9975124224178,-999.0,-999.0,0.0,9999,9999.0,1
230,0,0,-999.0,-999.0,0.0,9999,9999.0,-75.2,24.8,200.0,10,202.23748416156684,-999.0,-999.0,0.0,9999,9999.0,1
240,0,0,-999.0,-999.0,0.0,9999,9999.0,-69.9,30.1,200.0,10,203.9607805437114,-999.0,-999.0,0.0,9999,9999.0,1
250,0,1,-999.0,-999.0,0.0,9999,9999.0,-67.6,32.4,200.0,10,206.15528128088303,-999.0,-999.0,0.0,9999,9999.0,1
260,0,0,-999.0,-999.0,0.0,9999,9999.0,-68.6,31.4,200.0,10,208.806130178211,-999.0,-999.0,0.0,9999,9999.0,1
270,0,0,-999.0,-999.0,0.0,9999,9999.0,-69.7,30.3,200.0,10,211.8962010041709,-999.0,-999.0,0.0,9999,9999.0,1
280,0,1,-999.0,-999.0,0.0,9999,9999.0,-76.5,23.5,200.0,10,215.40659228538016,-999.0,-999.0,0.0,9999,9999.0,1
290,0,1,-999.0,-999.0,0.0,9999,9999.0,-69.7,30.3,200.0,10,219.31712199461307,-999.0,-999.0,0.0,9999,9999.0,1
300,0,0,-999.0,-999.0,0.0,9999,9999.0,-73.4,26.6,200.0,10,223.60679774997897,-999.0,-999.0,0.0,9999,9999.0,1
310,0,0,-999.0,-999.0,0.0,9999,9999.0,-63.4,36.6,200.0,10,228.25424421026653,-999.0,-999.0,0.0,9999,9999.0,1
320,0,0,-999.0,-999.0,0.0,9999,9999.0,-73.2,26.8,200.0,10,233.23807579381202,-999.0,-999.0,0.0,9999,9999.0,1
330,0,0,-999.0,-999.0,0.0,9999,9999.0,-69.7,30.3,200.0,10,344.81879299133334,-999.0,-999.0,0.0,9999,9999.0,1
340,0,0,-999.0,-999.0,0.0,9999,9999.0,-71.0,29.0,200.0,10,244.13111231467406,-999.0,-999.0,0.0,9999,9999.0,1
350,0,0,-999.0,-999.0,0.0,9999,9999.0,-67.5,32.5,200.0,10,250.0,-999.0,-999.0,0.0,9999,9999.0,1
360,0,0,-999.0,-999.0,0.0,9999,9999.0,-71.3,28.7,200.0,10,256.12496949731394,-999.0,-999.0,0.0,9999,9999.0,1
370,0,0,-999.0,-999.0,0.0,9999,9999.0,-76.3,23.7,200.0,10,326.9556544854363,-999.0,-999.0,0.0,9999,9999.0,1
380,0,1,-999.0,-999.0,0.0,9999,9999.0,-67.0,33.0,200.0,10,269.0724809414742,-999.0,-999.0,0.0,9999,9999.0,1
390,0,1,-999.0,-999.0,0.0,9999,9999.0,-70.5,29.5,200.0,10,319.53090617340916,-999.0,-999.0,0.0,9999,9999.0,1
400,0,0,-999.0,-999.0,0.0,9999,9999.0,-74.5,25.5,200.0,10,282.842712474619,-999.0,-999.0,0.0,9999,9999.0,1
410,0,1,-999.0,-999.0,0.0,9999,9999.0,-73.2,26.8,200.0,10,290.0,-999.0,-999.0,0.0,9999,9999.0,1
420,0,0,-999.0,-999.0,0.0,9999,9999.0,-71.8,28.2,200.0,10,297.3213749463701,-999.0,-999.0,0.0,9999,9999.0,1
430,0,0,-999.0,-999.0,0.0,9999,9999.0,-72.6,27.4,200.0,10,304.7950130825634,-999.0,-999.0,0.0,9999,9999.0,1
440,0,0,-999.0,-999.0,0.0,9999,9999.0,-68.6,31.4,200.0,10,305.9411708155671,-999.0,-999.0,0.0,9999,9999.0,1
450,0,0,-999.0,-999.0,0.0,9999,9999.0,-75.6,24.4,200.0,10,320.1562118716424,-999.0,-999.0,0.0,9999,9999.0,1
460,0,2,-999.0,-999.0,0.0,9999,9999.0,-71.6,28.4,200.0,10,328.0243893371345,-999.0,-999.0,0.0,9999,9999.0,1
470,0,0,-999.0,-999.0,0.0,9999,9999.0,-74.8,25.2,200.0,10,301.4962686336267,-999.0,-999.0,0.0,9999,9999.0,1
480,0,0,-999.0,-999.0,0.0,9999,9999.0,-76.9,23.1,200.0,10,344.0930106817051,-999.0,-999.0,0.0,9999,9999.0,1
490,0,0,-999.0,-999.0,0.0,9999,9999.0,-69.4,30.6,200.0,10,300.1666203960727,-999.0,-999.0,0.0,9999,9999.0,1
500,0,0,-999.0,-999.0,0.0,9999,9999.0,-73.8,26.2,200.0,10,300.0,-999.0,-999.0,0.0,9999,9999.0,1
510,0,2,-999.0,-999.0,0.0,9999,9999.0,-74.2,25.8,200.0,10,402.6164427839479,-999.0,-999.0,0.0,9999,9999.0,1
520,0,1,-999.0,-999.0,0.0,9999,9999.0,-72.2,27.8,200.0,10,377.35924528226417,-999.0,-999.0,0.0,9999,9999.0,1
530,0,0,-999.0,-999.0,0.0,9999,9999.0,-75.2,24.8,200.0,10,385.87562763149475,-999.0,-999.0,0.0,9999,9999.0,1
540,0,0,-999.0,-999.0,0.0,9999,9999.0,-70.0,30.0,200.0,10,302.65491900843114,-999.0,-999.0,0.0,9999,9999.0,1
550,0,0,-999.0,-999.0,0.0,9999,9999.0,-71.6,28.4,200.0,10,304.138126514911,-999.0,-999.0,0.0,9999,9999.0,1
560,0,0,-999.0,-999.0,0.0,9999,9999.0,-76.5,23.5,200.0,10,305.9411708155671,-999.0,-999.0,0.0,9999,9999.0,1
570,0,0,-999.0,-999.0,0.0,9999,9999.0,-78.3,21.7,200.0,10,420.5948168962618,-999.0,-999.0,0.0,9999,9999.0,1
580,0,0,-999.0,-999.0,0.0,9999,9999.0,-74.4,25.6,200.0,10,429.4182110716778,-999.0,-999.0,0.0,9999,9999.0,1
590,0,2,-999.0,-999.0,0.0,9999,9999.0,-74.8,25.2,200.0,10,313.2091952673165,-999.0,-999.0,0.0,9999,9999.0,1
600,0,1,-999.0,-999.0,0.0,9999,9999.0,-72.7,27.3,200.0,10,316.22776601683796,-999.0,-999.0,0.0,9999,9999.0,1
610,0,0,-999.0,-999.0,0.0,9999,9999.0,-75.0,25.0,200.0,10,306.75723300355935,-999.0,-999.0,0.0,9999,9999.0,1
620,0,0,-999.0,-999.0,0.0,9999,9999.0,-73.6,26.4,200.0,10,297.3213749463701,-999.0,-999.0,0.0,9999,9999.0,1
630,0,0,-999.0,-999.0,0.0,9999,9999.0,-72.6,27.4,200.0,10,287.92360097775935,-999.0,-999.0,0.0,9999,9999.0,1
640,0,0,-999.0,-999.0,0.0,9999,9999.0,-76.4,23.6,200.0,10,331.058907144937,-999.0,-999.0,0.0,9999,9999.0,1
650,0,0,-999.0,-999.0,0.0,9999,9999.0,-77.9,22.1,200.0,10,602.0797289396148,-999.0,-999.0,0.0,9999,9999.0,1
660,0,0,-999.0,-999.0,0.0,9999,9999.0,-78.4,21.6,200.0,10,260.0,-999.0,-999.0,0.0,9999,9999.0,1
670,0,1,-999.0,-999.0,0.0,9999,9999.0,-77.4,22.6,200.0,10,344.81879299133334,-999.0,-999.0,0.0,9999,9999.0,1
680,0,0,-999.0,-999.0,0.0,9999,9999.0,-72.2,27.8,200.0,10,241.66091947189145,-999.0,-999.0,0.0,9999,9999.0,1
690,0,1,-999.0,-999.0,0.0,9999,9999.0,-73.3,26.7,200.0,10,232.59406699226014,-999.0,-999.0,0.0,9999,9999.0,1
700,0,0,-999.0,-999.0,0.0,9999,9999.0,-72.0,28.0,200.0,10,223.60679774997897,-999.0,-999.0,0.0,9999,9999.0,1
710,0,1,-999.0,-999.0,0.0,9999,9999.0,-69.6,30.4,200.0,10,214.7091055358389,-999.0,-999.0,0.0,9999,9999.0,1
720,0,0,-999.0,-999.0,0.0,9999,9999.0,-71.0,29.0,200.0,10,205.91260281974002,-999.0,-999.0,0.0,9999,9999.0,1
730,0,1,-999.0,-999.0,0.0,9999,9999.0,-60.9,39.1,200.0,10,197.2308292331602,-999.0,-999.0,0.0,9999,9999.0,1
740,0,0,-999.0,-999.0,0.0,9999,9999.0,-67.8,32.2,200.0,10,188.67962264113208,-999.0,-999.0,0.0,9999,9999.0,1
750,0,0,-999.0,-999.0,0.0,9999,9999.0,-71.2,28.8,200.0,10,180.27756377319946,-999.0,-999.0,0.0,9999,9999.0,1
760,0,0,-999.0,-999.0,0.0,9999,9999.0,-72.1,27.9,200.0,10,172.04650534085255,-999.0,-999.0,0.0,9999,9999.0,1
770,0,0,-999.0,-999.0,0.0,9999,9999.0,-69.6,30.4,200.0,10,403.6087214122113,-999.0,-999.0,0.0,9999,9999.0,1
780,0,1,-999.0,-999.0,0.0,9999,9999.0,-64.9,35.1,200.0,10,156.20499351813308,-999.0,-999.0,0.0,9999,9999.0,1
790,0,0,-999.0,-999.0,0.0,9999,9999.0,-70.7,29.3,200.0,10,148.66068747318505,-999.0,-999.0,0.0,9999,9999.0,1
800,0,0,-999.0,-999.0,0.0,9999,9999.0,-65.6,34.4,200.0,10,141.4213562373095,-999.0,-999.0,0.0,9999,9999.0,1
810,0,1,-999.0,-999.0,0.0,9999,9999.0,-70.4,29.6,200.0,10,134.5362404707371,-999.0,-999.0,0.0,9999,9999.0,1
820,0,0,-999.0,-999.0,0.0,9999,9999.0,-71.3,28.7,200.0,10,128.06248474865697,-999.0,-999.0,0.0,9999,9999.0,1
830,0,0,-999.0,-999.0,0.0,9999,9999.0,-64.8,35.2,200.0,10,122.06555615733703,-999.0,-999.0,0.0,9999,9999.0,1
840,0,1,-999.0,-999.0,0.0,9999,9999.0,-63.1,36.9,200.0,10,116.61903789690601,-999.0,-999.0,0.0,9999,9999.0,1
850,0,0,-999.0,-999.0,0.0,9999,9999.0,-67.1,32.9,200.0,10,111.80339887498948,-999.0,-999.0,0.0,9999,9999.0,1
860,0,2,-999.0,-999.0,0.0,9999,9999.0,-57.5,42.5,200.0,10,107.70329614269008,-999.0,-999.0,0.0,9999,9999.0,1
870,0,0,-999.0,-999.0,0.0,9999,9999.0,-60.7,39.3,200.0,10,104.4030650891055,-999.0,-999.0,0.0,9999,9999.0,1
880,0,1,-999.0,-999.0,0.0,9999,9999.0,-60.5,39.5,200.0,10,101.9803902718557,-999.0,-999.0,0.0,9999,9999.0,1
890,0,0,-999.0,-999.0,0.0,9999,9999.0,-66.1,33.9,200.0,10,100.4987562112089,-999.0,-999.0,0.0,9999,9999.0,1
900,0,1,-999.0,-999.0,0.0,9999,9999.0,-55.8,44.2,200.0,10,100.0,-999.0,-999.0,0.0,9999,9999.0,1
910,0,0,-999.0,-999.0,0.0,9999,9999.0,-56.2,43.8,200.0,10,100.4987562112089,-999.0,-999.0,0.0,9999,9999.0,1
920,0,0,-999.0,-999.0,0.0,9999,9999.0,-62.2,37.8,200.0,10,101.9803902718557,-999.0,-999.0,0.0,9999,9999.0,1
930,0,1,-999.0,-999.0,0.0,9999,9999.0,-65.3,34.7,200.0,10,104.4030650891055,-999.0,-999.0,0.0,9999,9999.0,1
940,0,1,-999.0,-999.0,0.0,9999,9999.0,-59.4,40.6,200.0,10,107.70329614269008,-999.0,-999.0,0.0,9999,9999.0,1
950,0,1,-999.0,-999.0,0.0,9999,9999.0,-66.0,34.0,200.0,10,111.80339887498948,-999.0,-999.0,0.0,9999,9999.0,1
960,0,1,-999.0,-999.0,0.0,9999,9999.0,-59.0,41.0,200.0,10,116.61903789690601,-999.0,-999.0,0.0,9999,9999.0,1
970,0,0,-999.0,-999.0,0.0,9999,9999.0,-59.4,40.6,200.0,10,122.06555615733703,-999.0,-999.0,0.0,9999,9999.0,1
980,0,0,-999.0,-999.0,0.0,9999,9999.0,-62.8,37.2,200.0,10,128.06248474865697,-999.0,-999.0,0.0,9999,9999.0,1
990,0,1,-999.0,-999.0,0.0,9999,9999.0,-66.3,33.7,200.0,10,134.5362404707371,-999.0,-999.0,0.0,9999,9999.0,1
990,10,0,-999.0,-999.0,0.0,9999,9999.0,-65.7,34.3,200.0,10,127.27922061357856,-999.0,-999.0,0.0,9999,9999.0,1
990,20,1,-999.0,-999.0,0.0,9999,9999.0,-68.1,31.9,200.0,10,120.41594578792295,-999.0,-999.0,0.0,9999,9999.0,1
990,30,2,-999.0,-999.0,0.0,9999,9999.0,-60.1,39.9,200.0,10,114.0175425099138,-999.0,-999.0,0.0,9999,9999.0,1
990,40,2,-999.0,-999.0,0.0,9999,9999.0,-65.5,34.5,200.0,10,108.16653826391968,-999.0,-999.0,0.0,9999,9999.0,1
990,50,1,-999.0,-999.0,0.0,9999,9999.0,-57.9,42.1,200.0,10,102.95630140987001,-999.0,-999.0,0.0,9999,9999.0,1
990,60,1,-999.0,-999.0,0.0,9999,9999.0,-61.7,38.3,200.0,10,98.48857801796105,-999.0,-999.0,0.0,9999,9999.0,1
990,70,0,-999.0,-999.0,0.0,9999,9999.0,-68.0,32.0,200.0,10,94.86832980505137,-999.0,-999.0,0.0,9999,9999.0,1
990,80,1,-999.0,-999.0,0.0,9999,9999.0,-60.3,39.7,200.0,10,92.19544457292888,-999.0,-999.0,0.0,9999,9999.0,1
990,90,0,-999.0,-999.0,0.0,9999,9999.0,-62.2,37.8,200.0,10,90.55385138137417,-999.0,-999.0,0.0,9999,9999.0,1
990,100,0,-999.0,-999.0,0.0,9999,9999.0,-55.2,44.8,200.0,10,90.0,-999.0,-999.0,0.0,9999,9999.0,1
990,110,0,-999.0,-999.0,0.0,9999,9999.0,-58.7,41.3,200.0,10,90.55385138137417,-999.0,-999.0,0.0,9999,9999.0,1
990,120,0,-999.0,-999.0,0.0,9999,9999.0,-59.8,40.2,200.0,10,92.19544457292888,-999.0,-999.0,0.0,9999,9999.0,1
990,130,0,-999.0,-999.0,0.0,9999,9999.0,-58.4,41.6,200.0,10,94.86832980505137,-999.0,-999.0,0.0,9999,9999.0,1
990,140,2,-999.0,-999.0,0.0,9999,9999.0,-58.0,42.0,200.0,10,98.48857801796105,-999.0,-999.0,0.0,9999,9999.0,1
990,150,1,-999.0,-999.0,0.0,9999,9999.0,-61.6,38.4,200.0,10,102.95630140987001,-999.0,-999.0,0.0,9999,9999.0,1
990,160,2,-999.0,-999.0,0.0,9999,9999.0,-59.0,41.0,200.0,10,108.16653826391968,-999.0,-999.0,0.0,9999,9999.0,1
990,170,0,-999.0,-999.0,0.0,9999,9999.0,-66.5,33.5,200.0,10,114.0175425099138,-999.0,-999.0,0.0,9999,9999.0,1
990,180,0,-999.0,-999.0,0.0,9999,9999.0,-65.2,34.8,200.0,10,120.41594578792295,-999.0,-999.0,0.0,9999,9999.0,1
990,190,0,-999.0,-999.0,0.0,9999,9999.0,-60.6,39.4,200.0,10,127.27922061357856,-999.0,-999.0,0.0,9999,9999.0,1
990,200,1,-999.0,-999.0,0.0,9999,9999.0,-62.3,37.7,200.0,10,134.5362404707371,-999.0,-999.0,0.0,9999,9999.0,1
990,210,0,-999.0,-999.0,0.0,9999,9999.0,-66.3,33.7,200.0,10,142.12670403551894,-999.0,-999.0,0.0,9999,9999.0,1
990,220,0,-999.0,-999.0,0.0,9999,9999.0,-65.5,34.5,200.0,10,150.0,-999.0,-999.0,0.0,9999,9999.0,1
990,230,1,-999.0,-999.0,0.0,9999,9999.0,-70.7,29.3,200.0,10,158.11388300841898,-999.0,-999.0,0.0,9999,9999.0,1
990,240,1,-999.0,-999.0,0.0,9999,9999.0,-62.1,37.9,200.0,10,166.43316977093238,-999.0,-999.0,0.0,9999,9999.0,1
990,250,0,-999.0,-999.0,0.0,9999,9999.0,-73.3,26.7,200.0,10,174.92855684535903,-999.0,-999.0,0.0,9999,9999.0,1
990,260,0,-999.0,-999.0,0.0,9999,9999.0,-75.1,24.9,200.0,10,183.5755975068582,-999.0,-999.0,0.0,9999,9999.0,1
990,270,0,-999.0,-999.0,0.0,9999,9999.0,-72.9,27.1,200.0,10,192.35384061671346,-999.0,-999.0,0.0,9999,9999.0,1
990,280,0,-999.0,-999.0,0.0,9999,9999.0,-72.9,27.1,200.0,10,201.24611797498108,-999.0,-999.0,0.0,9999,9999.0,1
990,290,0,-999.0,-999.0,0.0,9999,9999.0,-72.8,27.2,200.0,10,210.23796041628637,-999.0,-999.0,0.0,9999,9999.0,1
990,300,2,-999.0,-999.0,0.0,9999,9999.0,-78.0,22.0,200.0,10,417.2529209005013,-999.0,-999.0,0.0,9999,9999.0,1
990,310,2,-999.0,-999.0,0.0,9999,9999.0,-71.8,28.2,200.0,10,228.47319317591726,-999.0,-999.0,0.0,9999,9999.0,1
990,320,0,-999.0,-999.0,0.0,9999,9999.0,-70.2,29.8,200.0,10,237.69728648009425,-999.0,-999.0,0.0,9999,9999.0,1
990,330,2,-999.0,-999.0,0.0,9999,9999.0,-68.5,31.5,200.0,10,246.9817807045694,-999.0,-999.0,0.0,9999,9999.0,1
990,340,0,-999.0,-999.0,0.0,9999,9999.0,-73.7,26.3,200.0,10,256.3201123595259,-999.0,-999.0,0.0,9999,9999.0,1
990,350,0,-999.0,-999.0,0.0,9999,9999.0,-68.6,31.4,200.0,10,265.70660511172844,-999.0,-999.0,0.0,9999,9999.0,1
990,360,1,-999.0,-999.0,0.0,9999,9999.0,-74.1,25.9,200.0,10,275.13632984395207,-999.0,-999.0,0.0,9999,9999.0,1
990,370,0,-999.0,-999.0,0.0,9999,9999.0,-76.0,24.0,200.0,10,284.60498941515414,-999.0,-999.0,0.0,9999,9999.0,1
990,380,2,-999.0,-999.0,0.0,9999,9999.0,-69.8,30.2,200.0,10,294.10882339705483,-999.0,-999.0,0.0,9999,9999.0,1
990,390,0,-999.0,-999.0,0.0,9999,9999.0,-72.0,28.0,200.0,10,303.6445290137795,-999.0,-999.0,0.0,9999,9999.0,1
990,400,2,-999.0,-999.0,0.0,9999,9999.0,-72.9,27.1,200.0,10,313.2091952673165,-999.0,-999.0,0.0,9999,9999.0,1
990,410,0,-999.0,-999.0,0.0,9999,9999.0,-72.5,27.5,200.0,10,346.69871646719434,-999.0,-999.0,0.0,9999,9999.0,1
990,420,2,-999.0,-999.0,0.0,9999,9999.0,-76.4,23.6,200.0,10,332.41540277189324,-999.0,-999.0,0.0,9999,9999.0,1
990,430,0,-999.0,-999.0,0.0,9999,9999.0,-68.0,32.0,200.0,10,342.0526275297414,-999.0,-999.0,0.0,9999,9999.0,1
990,440,0,-999.0,-999.0,0.0,9999,9999.0,-73.6,26.4,200.0,10,331.2099032335839,-999.0,-999.0,0.0,9999,9999.0,1
990,450,0,-999.0,-999.0,0.0,9999,9999.0,-75.1,24.9,200.0,10,361.386219991853,-999.0,-999.0,0.0,9999,9999.0,1
990,460,0,-999.0,-999.0,0.0,9999,9999.0,-74.2,25.8,200.0,10,371.07950630558946,-999.0,-999.0,0.0,9999,9999.0,1
990,470,1,-999.0,-999.0,0.0,9999,9999.0,-74.1,25.9,200.0,10,380.7886552931954,-999.0,-999.0,0.0,9999,9999.0,1
990,480,2,-999.0,-999.0,0.0,9999,9999.0,-74.1,25.9,200.0,10,313.8470965295043,-999.0,-999.0,0.0,9999,9999.0,1
990,490,0,-999.0,-999.0,0.0,9999,9999.0,-72.1,27.9,200.0,10,525.5473337388365,-999.0,-999.0,0.0,9999,9999.0,1
990,500,2,-999.0,-999.0,0.0,9999,9999.0,-79.1,20.9,200.0,10,410.0,-999.0,-999.0,0.0,9999,9999.0,1
990,510,0,-999.0,-999.0,0.0,9999,9999.0,-76.3,23.7,200.0,10,533.1041174104736,-999.0,-999.0,0.0,9999,9999.0,1
990,520,0,-999.0,-999.0,0.0,9999,9999.0,-75.0,25.0,200.0,10,300.83217912982644,-999.0,-999.0,0.0,9999,9999.0,1
990,530,0,-999.0,-999.0,0.0,9999,9999.0,-75.8,24.2,200.0,10,439.31765272977594,-999.0,-999.0,0.0,9999,9999.0,1
990,540,1,-999.0,-999.0,0.0,9999,9999.0,-65.3,34.7,200.0,10,296.1418578992169,-999.0,-999.0,0.0,9999,9999.0,1
990,550,1,-999.0,-999.0,0.0,9999,9999.0,-71.8,28.2,200.0,10,458.9117562233506,-999.0,-999.0,0.0,9999,9999.0,1
990,560,2,-999.0,-999.0,0.0,9999,9999.0,-68.0,32.0,200.0,10,468.7216658103186,-999.0,-999.0,0.0,9999,9999.0,1
990,570,0,-999.0,-999.0,0.0,9999,9999.0,-71.1,28.9,200.0,10,291.547594742265,-999.0,-999.0,0.0,9999,9999.0,1
990,580,1,-999.0,-999.0,0.0,9999,9999.0,-72.4,27.6,200.0,10,290.68883707497264,-999.0,-999.0,0.0,9999,9999.0,1
990,590,1,-999.0,-999.0,0.0,9999,9999.0,-76.5,23.5,200.0,10,498.19674828324605,-999.0,-999.0,0.0,9999,9999.0,1
990,600,0,-999.0,-999.0,0.0,9999,9999.0,-81.4,18.6,200.0,11,290.0,-999.0,-999.0,0.0,9999,9999.0,1
990,610,0,-999.0,-999.0,0.0,9999,9999.0,-75.4,24.6,200.0,10,290.17236257093816,-999.0,-999.0,0.0,9999,9999.0,1
990,620,1,-999.0,-999.0,0.0,9999,9999.0,-74.3,25.7,200.0,10,290.68883707497264,-999.0,-999.0,0.0,9999,9999.0,1
990,630,2,-999.0,-999.0,0.0,9999,9999.0,-76.6,23.4,200.0,10,291.547594742265,-999.0,-999.0,0.0,9999,9999.0,1
990,640,0,-999.0,-999.0,0.0,9999,9999.0,-67.4,32.6,200.0,10,292.7456233660889,-999.0,-999.0,0.0,9999,9999.0,1
990,650,0,-999.0,-999.0,0.0,9999,9999.0,-66.3,33.7,200.0,10,294.27877939124323,-999.0,-999.0,0.0,9999,9999.0,1
990,660,0,-999.0,-999.0,0.0,9999,9999.0,-69.5,30.5,200.0,10,296.1418578992169,-999.0,-999.0,0.0,9999,9999.0,1
990,670,1,-93.1,1.9,13.43,988,206.15528128088303,-76.5,23.5,200.0,10,298.328677803526,-999.0,-999.0,0.0,9999,9999.0,1
990,680,0,-999.0,-999.0,0.0,9999,9999.0,-76.0,24.0,200.0,10,300.83217912982644,-999.0,-999.0,0.0,9999,9999.0,1
990,690,1,-999.0,-999.0,0.0,9999,9999.0,-72.1,27.9,200.0,10,303.6445290137795,-999.0,-999.0,0.0,9999,9999.0,1
990,700,2,-999.0,-999.0,0.0,9999,9999.0,-81.4,18.6,200.0,11,306.75723300355935,-999.0,-999.0,0.0,9999,9999.0,1
990,710,0,-999.0,-999.0,0.0,9999,9999.0,-81.3,18.7,200.0,11,638.9053137985316,-999.0,-999.0,0.0,9999,9999.0,1
990,720,0,-999.0,-999.0,0.0,9999,9999.0,-80.4,19.6,200.0,10,313.8470965295043,-999.0,-999.0,0.0,9999,9999.0,1
990,730,0,-999.0,-999.0,0.0,9999,9999.0,-75.9,24.1,200.0,10,317.80497164141406,-999.0,-999.0,0.0,9999,9999.0,1
990,740,0,-999.0,-999.0,0.0,9999,9999.0,-73.3,26.7,200.0,10,322.02484376209236,-999.0,-999.0,0.0,9999,9999.0,1
990,750,0,-999.0,-999.0,0.0,9999,9999.0,-74.9,25.1,200.0,10,326.49655434629017,-999.0,-999.0,0.0,9999,9999.0,1
990,760,0,-999.0,-999.0,0.0,9999,9999.0,-74.4,25.6,200.0,10,331.2099032335839,-999.0,-999.0,0.0,9999,9999.0,1
990,770,1,-999.0,-999.0,0.0,9999,9999.0,-69.1,30.9,200.0,10,336.1547262794322,-999.0,-999.0,0.0,9999,9999.0,1
990,780,0,-999.0,-999.0,0.0,9999,9999.0,-82.1,17.9,200.0,11,341.32096331752024,-999.0,-999.0,0.0,9999,9999.0,1
990,790,0,-999.0,-999.0,0.0,9999,9999.0,-71.2,28.8,200.0,10,346.69871646719434,-999.0,-999.0,0.0,9999,9999.0,1
990,800,1,-999.0,-999.0,0.0,9999,9999.0,-76.0,24.0,200.0,10,352.27829907617075,-999.0,-999.0,0.0,9999,9999.0,1
990,810,0,-999.0,-999.0,0.0,9999,9999.0,-77.2,22.8,200.0,10,358.05027579936313,-999.0,-999.0,0.0,9999,9999.0,1
990,820,1,-999.0,-999.0,0.0,9999,9999.0,-73.9,26.1,200.0,10,364.0054944640259,-999.0,-999.0,0.0,9999,9999.0,1
990,830,0,-999.0,-999.0,0.0,9999,9999.0,-80.1,19.9,200.0,10,370.1351104664349,-999.0,-999.0,0.0,9999,9999.0,1
990,840,0,-999.0,-999.0,0.0,9999,9999.0,-81.7,18.3,200.0,11,376.4306044943742,-999.0,-999.0,0.0,9999,9999.0,1
990,850,2,-999.0,-999.0,0.0,9999,9999.0,-74.6,25.4,200.0,10,382.88379438153294,-999.0,-999.0,0.0,9999,9999.0,1
990,860,2,-999.0,-999.0,0.0,9999,9999.0,-82.2,17.8,200.0,11,389.48684188300894,-999.0,-999.0,0.0,9999,9999.0,1
990,870,0,-999.0,-999.0,0.0,9999,9999.0,-80.7,19.3,200.0,10,751.6648189186454,-999.0,-999.0,0.0,9999,9999.0,1
990,880,0,-999.0,-999.0,0.0,9999,9999.0,-78.9,21.1,200.0,10,759.2759709091287,-999.0,-999.0,0.0,9999,9999.0,1
990,890,0,-999.0,-999.0,0.0,9999,9999.0,-77.5,22.5,200.0,10,410.1219330881976,-999.0,-999.0,0.0,9999,9999.0,1
990,900,1,-999.0,-999.0,0.0,9999,9999.0,-77.7,22.3,200.0,10,774.6612162745726,-999.0,-999.0,0.0,9999,9999.0,1
990,910,2,-999.0,-999.0,0.0,9999,9999.0,-78.4,21.6,200.0,10,424.4997055358225,-999.0,-999.0,0.0,9999,9999.0,1
990,920,0,-999.0,-999.0,0.0,9999,9999.0,-76.4,23.6,200.0,10,431.8564576337837,-999.0,-999.0,0.0,9999,9999.0,1
990,930,0,-999.0,-999.0,0.0,9999,9999.0,-79.7,20.3,200.0,10,834.8652585896721,-999.0,-999.0,0.0,9999,9999.0,1
990,940,2,-999.0,-999.0,0.0,9999,9999.0,-78.8,21.2,200.0,10,446.8780594300866,-999.0,-999.0,0.0,9999,9999.0,1
990,950,0,-999.0,-999.0,0.0,9999,9999.0,-80.0,20.0,200.0,10,454.53272709454046,-999.0,-999.0,0.0,9999,9999.0,1
990,960,2,-999.0,-999.0,0.0,9999,9999.0,-77.3,22.7,200.0,10,462.2769732530488,-999.0,-999.0,0.0,9999,9999.0,1
990,970,1,-999.0,-999.0,0.0,9999,9999.0,-78.4,21.6,200.0,10,470.1063709417263,-999.0,-999.0,0.0,9999,9999.0,1
990,980,2,-999.0,-999.0,0.0,9999,9999.0,-76.1,23.9,200.0,10,478.0167361086848,-999.0,-999.0,0.0,9999,9999.0,1
990,990,0,-999.0,-999.0,0.0,9999,9999.0,-83.2,16.8,200.0,12,846.2860036654275,-999.0,-999.0,0.0,9999,9999.0,1
990,999,1,-999.0,-999.0,0.0,9999,9999.0,-84.5,15.5,200.0,15,493.2555118799992,-999.0,-999.0,0.0,9999,9999.0,1
990,999,0,-999.0,-999.0,0.0,9999,9999.0,-75.3,24.7,200.0,10,493.2555118799992,-999.0,-999.0,0.0,9999,9999.0,1
990,999,1,-999.0,-999.0,0.0,9999,9999.0,-73.5,26.5,200.0,10,493.2555118799992,-999.0,-999.0,0.0,9999,9999.0,1
990,999,0,-999.0,-999.0,0.0,9999,9999.0,-83.1,16.9,200.0,12,1123.610697706283,-999.0,-999.0,0.0,9999,9999.0,1
980,999,1,-999.0,-999.0,0.0,9999,9999.0,-77.3,22.7,200.0,10,487.44333003950317,-999.0,-999.0,0.0,9999,9999.0,1
970,999,1,-999.0,-999.0,0.0,9999,9999.0,-76.8,23.2,200.0,10,481.76861666156714,-999.0,-999.0,0.0,9999,9999.0,1
970,989,0,-999.0,-999.0,0.0,9999,9999.0,-75.6,24.4,200.0,10,473.5197989524831,-999.0,-999.0,0.0,9999,9999.0,1
970,999,0,-999.0,-999.0,0.0,9999,9999.0,-83.3,16.7,200.0,12,842.3188232492492,-999.0,-999.0,0.0,9999,9999.0,1
970,989,1,-999.0,-999.0,0.0,9999,9999.0,-77.8,22.2,200.0,10,473.5197989524831,-999.0,-999.0,0.0,9999,9999.0,1
980,989,0,-999.0,-999.0,0.0,9999,9999.0,-81.6,18.4,200.0,11,479.29218645832316,-999.0,-999.0,0.0,9999,9999.0,1
970,989,0,-999.0,-999.0,0.0,9999,9999.0,-81.1,18.9,200.0,10,834.0389679145693,-999.0,-999.0,0.0,9999,9999.0,1
970,999,0,-999.0,-999.0,0.0,9999,9999.0,-83.2,16.8,200.0,12,481.76861666156714,-999.0,-999.0,0.0,9999,9999.0,1
970,999,1,-999.0,-999.0,0.0,9999,9999.0,-79.2,20.8,200.0,10,481.76861666156714,-999.0,-999.0,0.0,9999,9999.0,1
960,999,1,-999.0,-999.0,0.0,9999,9999.0,-82.5,17.5,200.0,11,476.2362858917829,-999.0,-999.0,0.0,9999,9999.0,1
950,999,0,-999.0,-999.0,0.0,9999,9999.0,-81.4,18.6,200.0,11,470.85135658719304,-999.0,-999.0,0.0,9999,9999.0,1
950,989,0,-999.0,-999.0,0.0,9999,9999.0,-81.6,18.4,200.0,11,1088.5866984305844,-999.0,-999.0,0.0,9999,9999.0,1
950,979,1,-999.0,-999.0,0.0,9999,9999.0,-81.2,18.8,200.0,10,454.0275322048212,-999.0,-999.0,0.0,9999,9999.0,1
940,979,1,-999.0,-999.0,0.0,9999,9999.0,-79.6,20.4,200.0,10,448.59893000318226,-999.0,-999.0,0.0,9999,9999.0,1
940,969,2,-999.0,-999.0,0.0,9999,9999.0,-81.6,18.4,200.0,11,440.18291652448306,-999.0,-999.0,0.0,9999,9999.0,1
940,959,0,-999.0,-999.0,0.0,9999,9999.0,-86.4,13.6,200.0,23,431.83445902336234,-999.0,-999.0,0.0,9999,9999.0,1
940,969,1,-999.0,-999.0,0.0,9999,9999.0,-76.7,23.3,200.0,10,440.18291652448306,-999.0,-999.0,0.0,9999,9999.0,1
950,969,2,-999.0,-999.0,0.0,9999,9999.0,-82.5,17.5,200.0,11,445.7140338827127,-999.0,-999.0,0.0,9999,9999.0,1
960,969,1,-999.0,-999.0,0.0,9999,9999.0,-77.8,22.2,200.0,10,451.3989366403071,-999.0,-999.0,0.0,9999,9999.0,1
960,959,0,-999.0,-999.0,0.0,9999,9999.0,-78.3,21.7,200.0,10,443.2617736733002,-999.0,-999.0,0.0,9999,9999.0,1
960,969,1,-999.0,-999.0,0.0,9999,9999.0,-82.4,17.6,200.0,11,451.3989366403071,-999.0,-999.0,0.0,9999,9999.0,1
960,979,1,-999.0,-999.0,0.0,9999,9999.0,-82.2,17.8,200.0,11,459.60961695769595,-999.0,-999.0,0.0,9999,9999.0,1
970,979,0,-999.0,-999.0,0.0,9999,9999.0,-82.9,17.1,200.0,12,825.7971905982728,-999.0,-999.0,0.0,9999,9999.0,1
960,979,0,-999.0,-999.0,0.0,9999,9999.0,-81.4,18.6,200.0,11,459.60961695769595,-999.0,-999.0,0.0,9999,9999.0,1
950,979,2,-999.0,-999.0,0.0,9999,9999.0,-80.7,19.3,200.0,10,454.0275322048212,-999.0,-999.0,0.0,9999,9999.0,1
950,969,0,-999.0,-999.0,0.0,9999,9999.0,-88.0,12.0,200.0,39,445.7140338827127,-999.0,-999.0,0.0,9999,9999.0,1
940,969,0,-999.0,-999.0,0.0,9999,9999.0,-81.0,19.0,200.0,10,440.18291652448306,-999.0,-999.0,0.0,9999,9999.0,1
940,959,0,-999.0,-999.0,0.0,9999,9999.0,-73.7,26.3,200.0,10,431.83445902336234,-999.0,-999.0,0.0,9999,9999.0,1
940,969,1,-999.0,-999.0,0.0,9999,9999.0,-85.1,14.9,200.0,17,440.18291652448306,-999.0,-999.0,0.0,9999,9999.0,1
940,959,0,-999.0,-999.0,0.0,9999,9999.0,-77.9,22.1,200.0,10,431.83445902336234,-999.0,-999.0,0.0,9999,9999.0,1
950,959,0,-999.0,-999.0,0.0,9999,9999.0,-78.1,21.9,200.0,10,797.9855888423049,-999.0,-999.0,0.0,9999,9999.0,1
960,959,2,-999.0,-999.0,0.0,9999,9999.0,-80.1,19.9,200.0,10,443.2617736733002,-999.0,-999.0,0.0,9999,9999.0,1
960,949,0,-999.0,-999.0,0.0,9999,9999.0,-82.5,17.5,200.0,11,795.4879005993743,-999.0,-999.0,0.0,9999,9999.0,1
970,949,1,-999.0,-999.0,0.0,9999,9999.0,-79.2,20.8,200.0,10,441.2493626057719,-999.0,-999.0,0.0,9999,9999.0,1
980,949,0,-999.0,-999.0,0.0,9999,9999.0,-81.1,18.9,200.0,10,447.4382638979371,-999.0,-999.0,0.0,9999,9999.0,1
980,959,1,-999.0,-999.0,0.0,9999,9999.0,-83.7,16.3,200.0,13,455.2812317677943,-999.0,-999.0,0.0,9999,9999.0,1
970,959,0,-999.0,-999.0,0.0,9999,9999.0,-83.0,17.0,200.0,12,449.2004007121988,-999.0,-999.0,0.0,9999,9999.0,1
970,969,0,-999.0,-999.0,0.0,9999,9999.0,-83.1,16.9,200.0,12,457.23188865169936,-999.0,-999.0,0.0,9999,9999.0,1
960,969,0,-999.0,-999.0,0.0,9999,9999.0,-80.3,19.7,200.0,10,451.3989366403071,-999.0,-999.0,0.0,9999,9999.0,1
950,969,0,-999.0,-999.0,0.0,9999,9999.0,-83.2,16.8,200.0,12,445.7140338827127,-999.0,-999.0,0.0,9999,9999.0,1
950,959,0,-999.0,-999.0,0.0,9999,9999.0,-78.7,21.3,200.0,10,437.47114190538326,-999.0,-999.0,0.0,9999,9999.0,1
950,969,1,-999.0,-999.0,0.0,9999,9999.0,-77.0,23.0,200.0,10,445.7140338827127,-999.0,-999.0,0.0,9999,9999.0,1
960,969,2,-999.0,-999.0,0.0,9999,9999.0,-85.2,14.8,200.0,17,811.8873074509787,-999.0,-999.0,0.0,9999,9999.0,1
970,969,2,-999.0,-999.0,0.0,9999,9999.0,-84.6,15.4,200.0,15,457.23188865169936,-999.0,-999.0,0.0,9999,9999.0,1
970,979,0,-999.0,-999.0,0.0,9999,9999.0,-80.8,19.2,200.0,10,465.33966089298684,-999.0,-999.0,0.0,9999,9999.0,1
970,989,2,-999.0,-999.0,0.0,9999,9999.0,-81.4,18.6,200.0,11,473.5197989524831,-999.0,-999.0,0.0,9999,9999.0,1
980,989,0,-999.0,-999.0,0.0,9999,9999.0,-83.7,16.3,200.0,13,892.5922921468681,-999.0,-999.0,0.0,9999,9999.0,1
990,989,0,-999.0,-999.0,0.0,9999,9999.0,-80.2,19.8,200.0,10,485.20201978145144,-999.0,-999.0,0.0,9999,9999.0,1
990,999,1,-999.0,-999.0,0.0,9999,9999.0,-88.3,11.7,199.79,43,493.2555118799992,-999.0,-999.0,0.0,9999,9999.0,1
990,989,0,-999.0,-999.0,0.0,9999,9999.0,-74.9,25.1,200.0,10,485.20201978145144,-999.0,-999.0,0.0,9999,9999.0,1
990,979,0,-999.0,-999.0,0.0,9999,9999.0,-85.0,15.0,200.0,16,837.3416268166775,-999.0,-999.0,0.0,9999,9999.0,1
980,979,0,-999.0,-999.0,0.0,9999,9999.0,-81.0,19.0,200.0,10,471.2122663938196,-999.0,-999.0,0.0,9999,9999.0,1
990,979,1,-999.0,-999.0,0.0,9999,9999.0,-77.3,22.7,200.0,10,477.22217048247035,-999.0,-999.0,0.0,9999,9999.0,1
980,979,0,-999.0,-999.0,0.0,9999,9999.0,-83.5,16.5,200.0,13,471.2122663938196,-999.0,-999.0,0.0,9999,9999.0,1
990,979,0,-999.0,-999.0,0.0,9999,9999.0,-83.5,16.5,200.0,13,477.22217048247035,-999.0,-999.0,0.0,9999,9999.0,1
999,979,0,-999.0,-999.0,0.0,9999,9999.0,-75.7,24.3,200.0,10,482.7442387020274,-999.0,-999.0,0.0,9999,9999.0,1
999,989,1,-999.0,-999.0,0.0,9999,9999.0,-83.6,16.4,200.0,13,490.63428335166304,-999.0,-999.0,0.0,9999,9999.0,1
999,989,0,-999.0,-999.0,0.0,9999,9999.0,-82.8,17.2,200.0,12,490.63428335166304,-999.0,-999.0,0.0,9999,9999.0,1
999,999,0,-999.0,-999.0,0.0,9999,9999.0,-75.7,24.3,200.0,10,498.60004011231285,-999.0,-999.0,0.0,9999,9999.0,1
999,999,0,-999.0,-999.0,0.0,9999,9999.0,-82.8,17.2,200.0,12,904.4346300313804,-999.0,-999.0,0.0,9999,9999.0,1
989,999,1,-999.0,-999.0,0.0,9999,9999.0,-81.6,18.4,200.0,11,492.66824537410565,-999.0,-999.0,0.0,9999,9999.0,1
989,999,0,-999.0,-999.0,0.0,9999,9999.0,-80.5,19.5,200.0,10,492.66824537410565,-999.0,-999.0,0.0,9999,9999.0,1
989,999,0,-999.0,-999.0,0.0,9999,9999.0,-81.0,19.0,200.0,10,853.066234239757,-999.0,-999.0,0.0,9999,9999.0,1
989,989,0,-999.0,-999.0,0.0,9999,9999.0,-83.7,16.3,200.0,13,844.891709037318,-999.0,-999.0,0.0,9999,9999.0,1
999,989,1,-999.0,-999.0,0.0,9999,9999.0,-79.8,20.2,200.0,10,850.7185198407285,-999.0,-999.0,0.0,9999,9999.0,1
989,989,0,-999.0,-999.0,0.0,9999,9999.0,-81.6,18.4,200.0,11,484.6049937835969,-999.0,-999.0,0.0,9999,9999.0,1
999,989,0,-999.0,-999.0,0.0,9999,9999.0,-78.3,21.7,200.0,10,490.63428335166304,-999.0,-999.0,0.0,9999,9999.0,1
989,989,1,-999.0,-999.0,0.0,9999,9999.0,-84.7,15.3,200.0,15,484.6049937835969,-999.0,-999.0,0.0,9999,9999.0,1
989,979,1,-999.0,-999.0,0.0,9999,9999.0,-78.3,21.7,200.0,10,476.615148731133,-999.0,-999.0,0.0,9999,9999.0,1
989,969,0,-999.0,-999.0,0.0,9999,9999.0,-74.7,25.3,200.0,10,468.70246425637663,-999.0,-999.0,0.0,9999,9999.0,1
989,979,1,-999.0,-999.0,0.0,9999,9999.0,-86.6,13.4,200.0,24,1108.7659807191055,-999.0,-999.0,0.0,9999,9999.0,1
999,979,0,-999.0,-999.0,0.0,9999,9999.0,-79.1,20.9,200.0,10,482.7442387020274,-999.0,-999.0,0.0,9999,9999.0,1
999,989,0,-999.0,-999.0,0.0,9999,9999.0,-81.3,18.7,200.0,11,490.63428335166304,-999.0,-999.0,0.0,9999,9999.0,1
999,999,0,-999.0,-999.0,0.0,9999,9999.0,-83.5,16.5,200.0,13,498.60004011231285,-999.0,-999.0,0.0,9999,9999.0,1
999,999,0,-999.0,-999.0,0.0,9999,9999.0,-71.9,28.1,200.0,10,498.60004011231285,-999.0,-999.0,0.0,9999,9999.0,1
999,999,1,-999.0,-999.0,0.0,9999,9999.0,-77.5,22.5,200.0,10,498.60004011231285,-999.0,-999.0,0.0,9999,9999.0,1
999,989,1,-999.0,-999.0,0.0,9999,9999.0,-86.1,13.9,200.0,21,490.63428335166304,-999.0,-999.0,0.0,9999,9999.0,1
999,979,0,-999.0,-999.0,0.0,9999,9999.0,-79.6,20.4,200.0,10,482.7442387020274,-999.0,-999.0,0.0,9999,9999.0,1
989,979,0,-999.0,-999.0,0.0,9999,9999.0,-78.4,21.6,200.0,10,476.615148731133,-999.0,-999.0,0.0,9999,9999.0,1
999,979,0,-999.0,-999.0,0.0,9999,9999.0,-82.1,17.9,200.0,11,482.7442387020274,-999.0,-999.0,0.0,9999,9999.0,1
999,979,1,-999.0,-999.0,0.0,9999,9999.0,-81.8,18.2,200.0,11,482.7442387020274,-999.0,-999.0,0.0,9999,9999.0,1
999,969,0,-999.0,-999.0,0.0,9999,9999.0,-84.5,15.5,200.0,15,474.9336795806337,-999.0,-999.0,0.0,9999,9999.0,1
999,979,0,-999.0,-999.0,0.0,9999,9999.0,-84.3,15.7,200.0,14,482.7442387020274,-999.0,-999.0,0.0,9999,9999.0,1
999,989,0,-999.0,-999.0,0.0,9999,9999.0,-78.9,21.1,200.0,10,490.63428335166304,-999.0,-999.0,0.0,9999,9999.0,1
999,979,0,-999.0,-999.0,0.0,9999,9999.0,-78.7,21.3,200.0,10,482.7442387020274,-999.0,-999.0,0.0,9999,9999.0,1
999,969,1,-999.0,-999.0,0.0,9999,9999.0,-87.2,12.8,200.0,29,834.6028995875823,-999.0,-999.0,0.0,9999,9999.0,1
999,979,0,-999.0,-999.0,0.0,9999,9999.0,-82.9,17.1,200.0,12,482.7442387020274,-999.0,-999.0,0.0,9999,9999.0,1
999,989,0,-999.0,-999.0,0.0,9999,9999.0,-83.7,16.3,200.0,13,894.4953884733001,-999.0,-999.0,0.0,9999,9999.0,1
999,979,0,-999.0,-999.0,0.0,9999,9999.0,-85.2,14.8,200.0,17,482.7442387020274,-999.0,-999.0,0.0,9999,9999.0,1
989,979,0,-999.0,-999.0,0.0,9999,9999.0,-80.7,19.3,200.0,10,476.615148731133,-999.0,-999.0,0.0,9999,9999.0,1
989,969,2,-999.0,-999.0,0.0,9999,9999.0,-83.9,16.1,200.0,13,468.70246425637663,-999.0,-999.0,0.0,9999,9999.0,1
979,969,0,-999.0,-999.0,0.0,9999,9999.0,-82.1,17.9,200.0,11,462.60350193227026,-999.0,-999.0,0.0,9999,9999.0,1
989,969,0,-999.0,-999.0,0.0,9999,9999.0,-76.0,24.0,200.0,10,468.70246425637663,-999.0,-999.0,0.0,9999,9999.0,1
999,969,2,-999.0,-999.0,0.0,9999,9999.0,-80.4,19.6,200.0,10,474.9336795806337,-999.0,-999.0,0.0,9999,9999.0,1
989,969,1,-999.0,-999.0,0.0,9999,9999.0,-80.1,19.9,200.0,10,468.70246425637663,-999.0,-999.0,0.0,9999,9999.0,1
989,979,0,-999.0,-999.0,0.0,9999,9999.0,-75.2,24.8,200.0,10,476.615148731133,-999.0,-999.0,0.0,9999,9999.0,1
979,979,1,-999.0,-999.0,0.0,9999,9999.0,-84.3,15.7,200.0,14,470.61874165825566,-999.0,-999.0,0.0,9999,9999.0,1
969,979,0,-999.0,-999.0,0.0,9999,9999.0,-84.0,16.0,200.0,14,825.2284532176529,-999.0,-999.0,0.0,9999,9999.0,1
979,979,2,-999.0,-999.0,0.0,9999,9999.0,-83.8,16.2,200.0,13,470.61874165825566,-999.0,-999.0,0.0,9999,9999.0,1
969,979,1,-999.0,-999.0,0.0,9999,9999.0,-84.5,15.5,200.0,15,464.7601531973239,-999.0,-999.0,0.0,9999,9999.0,1
969,969,0,-999.0,-999.0,0.0,9999,9999.0,-78.7,21.3,200.0,10,456.64209179618996,-999.0,-999.0,0.0,9999,9999.0,1
959,969,0,-999.0,-999.0,0.0,9999,9999.0,-78.4,21.6,200.0,10,450.82369059311867,-999.0,-999.0,0.0,9999,9999.0,1
969,969,0,-999.0,-999.0,0.0,9999,9999.0,-80.1,19.9,200.0,10,456.64209179618996,-999.0,-999.0,0.0,9999,9999.0,1
979,969,0,-999.0,-999.0,0.0,9999,9999.0,-82.5,17.5,200.0,11,462.60350193227026,-999.0,-999.0,0.0,9999,9999.0,1
969,969,0,-999.0,-999.0,0.0,9999,9999.0,-76.5,23.5,200.0,10,456.64209179618996,-999.0,-999.0,0.0,9999,9999.0,1
979,969,2,-999.0,-999.0,0.0,9999,9999.0,-86.1,13.9,200.0,21,462.60350193227026,-999.0,-999.0,0.0,9999,9999.0,1
979,959,0,-999.0,-999.0,0.0,9999,9999.0,-84.4,15.6,200.0,14,454.6669110458776,-999.0,-999.0,0.0,9999,9999.0,1
979,969,2,-999.0,-999.0,0.0,9999,9999.0,-71.8,28.2,200.0,10,462.60350193227026,-999.0,-999.0,0.0,9999,9999.0,1
979,959,0,-999.0,-999.0,0.0,9999,9999.0,-79.6,20.4,200.0,10,454.6669110458776,-999.0,-999.0,0.0,9999,9999.0,1
989,959,0,-999.0,-999.0,0.0,9999,9999.0,-86.7,13.3,200.0,25,863.5982862419309,-999.0,-999.0,0.0,9999,9999.0,1
989,969,1,-999.0,-999.0,0.0,9999,9999.0,-79.1,20.9,200.0,10,468.70246425637663,-999.0,-999.0,0.0,9999,9999.0,1
999,969,1,-999.0,-999.0,0.0,9999,9999.0,-80.4,19.6,200.0,10,474.9336795806337,-999.0,-999.0,0.0,9999,9999.0,1
999,979,0,-999.0,-999.0,0.0,9999,9999.0,-80.7,19.3,200.0,10,482.7442387020274,-999.0,-999.0,0.0,9999,9999.0,1
989,979,1,-999.0,-999.0,0.0,9999,9999.0,-81.0,19.0,200.0,10,476.615148731133,-999.0,-999.0,0.0,9999,9999.0,1
999,979,1,-999.0,-999.0,0.0,9999,9999.0,-80.7,19.3,200.0,10,482.7442387020274,-999.0,-999.0,0.0,9999,9999.0,1
999,969,0,-999.0,-999.0,0.0,9999,9999.0,-83.7,16.3,200.0,13,474.9336795806337,-999.0,-999.0,0.0,9999,9999.0,1
989,969,0,-999.0,-999.0,0.0,9999,9999.0,-80.2,19.8,200.0,10,873.5456484923956,-999.0,-999.0,0.0,9999,9999.0,1
989,959,0,-999.0,-999.0,0.0,9999,9999.0,-76.8,23.2,200.0,10,460.87091468219165,-999.0,-999.0,0.0,9999,9999.0,1
989,969,0,-999.0,-999.0,0.0,9999,9999.0,-80.9,19.1,200.0,10,873.5456484923956,-999.0,-999.0,0.0,9999,9999.0,1
989,979,1,-999.0,-999.0,0.0,9999,9999.0,-84.2,15.8,200.0,14,836.7568344507262,-999.0,-999.0,0.0,9999,9999.0,1
999,979,1,-999.0,-999.0,0.0,9999,9999.0,-86.1,13.9,200.0,21,482.7442387020274,-999.0,-999.0,0.0,9999,9999.0,1
999,979,0,-999.0,-999.0,0.0,9999,9999.0,-79.4,20.6,200.0,10,482.7442387020274,-999.0,-999.0,0.0,9999,9999.0,1
989,979,0,-999.0,-999.0,0.0,9999,9999.0,-83.7,16.3,200.0,13,836.7568344507262,-999.0,-999.0,0.0,9999,9999.0,1
989,989,1,-999.0,-999.0,0.0,9999,9999.0,-73.7,26.3,200.0,10,484.6049937835969,-999.0,-999.0,0.0,9999,9999.0,1
979,989,0,-999.0,-999.0,0.0,9999,9999.0,-76.3,23.7,200.0,10,478.70867967898806,-999.0,-999.0,0.0,9999,9999.0,1
979,979,1,-999.0,-999.0,0.0,9999,9999.0,-88.5,11.5,195.58,47,470.61874165825566,-999.0,-999.0,0.0,9999,9999.0,1
989,979,1,-999.0,-999.0,0.0,9999,9999.0,-86.2,13.8,200.0,22,476.615148731133,-999.0,-999.0,0.0,9999,9999.0,1
989,969,1,-999.0,-999.0,0.0,9999,9999.0,-83.1,16.9,200.0,12,468.70246425637663,-999.0,-999.0,0.0,9999,9999.0,1
979,969,0,-999.0,-999.0,0.0,9999,9999.0,-83.5,16.5,200.0,13,462.60350193227026,-999.0,-999.0,0.0,9999,9999.0,1
989,969,0,-999.0,-999.0,0.0,9999,9999.0,-81.1,18.9,200.0,10,468.70246425637663,-999.0,-999.0,0.0,9999,9999.0,1
989,979,2,-999.0,-999.0,0.0,9999,9999.0,-84.6,15.4,200.0,15,476.615148731133,-999.0,-999.0,0.0,9999,9999.0,1
999,979,0,-999.0,-999.0,0.0,9999,9999.0,-79.6,20.4,200.0,10,482.7442387020274,-999.0,-999.0,0.0,9999,9999.0,1
999,989,1,-999.0,-999.0,0.0,9999,9999.0,-82.8,17.2,200.0,12,850.7185198407285,-999.0,-999.0,0.0,9999,9999.0,1
999,989,0,-999.0,-999.0,0.0,9999,9999.0,-75.1,24.9,200.0,10,490.63428335166304,-999.0,-999.0,0.0,9999,9999.0,1
999,999,1,-999.0,-999.0,0.0,9999,9999.0,-77.4,22.6,200.0,10,904.4346300313804,-999.0,-999.0,0.0,9999,9999.0,1
999,999,1,-999.0,-999.0,0.0,9999,9999.0,-77.7,22.3,200.0,10,498.60004011231285,-999.0,-999.0,0.0,9999,9999.0,1
989,999,1,-999.0,-999.0,0.0,9999,9999.0,-88.4,11.6,197.62,45,492.66824537410565,-999.0,-999.0,0.0,9999,9999.0,1
989,989,1,-999.0,-999.0,0.0,9999,9999.0,-82.7,17.3,200.0,12,844.891709037318,-999.0,-999.0,0.0,9999,9999.0,1
999,989,1,-999.0,-999.0,0.0,9999,9999.0,-83.4,16.6,200.0,13,1122.9078323709386,-999.0,-999.0,0.0,9999,9999.0,1
999,989,1,-999.0,-999.0,0.0,9999,9999.0,-76.1,23.9,200.0,10,490.63428335166304,-999.0,-999.0,0.0,9999,9999.0,1
999,979,0,-999.0,-999.0,0.0,9999,9999.0,-86.8,13.2,200.0,26,884.5575165018948,-999.0,-999.0,0.0,9999,9999.0,1
999,979,1,-999.0,-999.0,0.0,9999,9999.0,-81.1,18.9,200.0,10,482.7442387020274,-999.0,-999.0,0.0,9999,9999.0,1
999,979,0,-999.0,-999.0,0.0,9999,9999.0,-80.0,20.0,200.0,10,482.7442387020274,-999.0,-999.0,0.0,9999,9999.0,1
999,979,1,-999.0,-999.0,0.0,9999,9999.0,-80.4,19.6,200.0,10,482.7442387020274,-999.0,-999.0,0.0,9999,9999.0,1
999,989,0,-999.0,-999.0,0.0,9999,9999.0,-81.8,18.2,200.0,11,490.63428335166304,-999.0,-999.0,0.0,9999,9999.0,1
999,979,0,-999.0,-999.0,0.0,9999,9999.0,-82.6,17.4,200.0,11,482.7442387020274,-999.0,-999.0,0.0,9999,9999.0,1
999,969,0,-999.0,-999.0,0.0,9999,9999.0,-76.7,23.3,200.0,10,474.9336795806337,-999.0,-999.0,0.0,9999,9999.0,1
999,969,1,-999.0,-999.0,0.0,9999,9999.0,-76.6,23.4,200.0,10,474.9336795806337,-999.0,-999.0,0.0,9999,9999.0,1
989,969,2,-999.0,-999.0,0.0,9999,9999.0,-79.3,20.7,200.0,10,468.70246425637663,-999.0,-999.0,0.0,9999,9999.0,1
979,969,0,-999.0,-999.0,0.0,9999,9999.0,-77.2,22.8,200.0,10,462.60350193227026,-999.0,-999.0,0.0,9999,9999.0,1
989,969,0,-999.0,-999.0,0.0,9999,9999.0,-82.6,17.4,200.0,12,828.662778215602,-999.0,-999.0,0.0,9999,9999.0,1
979,969,1,-999.0,-999.0,0.0,9999,9999.0,-83.6,16.4,200.0,13,462.60350193227026,-999.0,-999.0,0.0,9999,9999.0,1
979,959,1,-999.0,-999.0,0.0,9999,9999.0,-76.3,23.7,200.0,10,454.6669110458776,-999.0,-999.0,0.0,9999,9999.0,1
979,949,2,-999.0,-999.0,0.0,9999,9999.0,-80.7,19.3,200.0,10,446.8131600568631,-999.0,-999.0,0.0,9999,9999.0,1
979,959,0,-999.0,-999.0,0.0,9999,9999.0,-81.2,18.8,200.0,11,454.6669110458776,-999.0,-999.0,0.0,9999,9999.0,1
969,959,0,-999.0,-999.0,0.0,9999,9999.0,-77.0,23.0,200.0,10,448.60004458314535,-999.0,-999.0,0.0,9999,9999.0,1
959,959,2,-999.0,-999.0,0.0,9999,9999.0,-83.8,16.2,200.0,13,861.0238091946122,-999.0,-999.0,0.0,9999,9999.0,1
959,969,0,-999.0,-999.0,0.0,9999,9999.0,-90.3,9.7,168.89,95,450.82369059311867,-999.0,-999.0,0.0,9999,9999.0,1
949,969,2,-999.0,-999.0,0.0,9999,9999.0,-80.8,19.2,200.0,10,805.7059016787701,-999.0,-999.0,0.0,9999,9999.0,1
959,969,2,-999.0,-999.0,0.0,9999,9999.0,-78.7,21.3,200.0,10,450.82369059311867,-999.0,-999.0,0.0,9999,9999.0,1
959,959,2,-999.0,-999.0,0.0,9999,9999.0,-80.7,19.3,200.0,10,442.67595371784086,-999.0,-999.0,0.0,9999,9999.0,1
959,949,1,-999.0,-999.0,0.0,9999,9999.0,-80.8,19.2,200.0,10,434.6055683030304,-999.0,-999.0,0.0,9999,9999.0,1
959,959,0,-999.0,-999.0,0.0,9999,9999.0,-77.4,22.6,200.0,10,442.67595371784086,-999.0,-999.0,0.0,9999,9999.0,1
949,959,0,-999.0,-999.0,0.0,9999,9999.0,-83.5,16.5,200.0,13,436.9004463261625,-999.0,-999.0,0.0,9999,9999.0,1
949,949,1,-999.0,-999.0,0.0,9999,9999.0,-77.6,22.4,200.0,10,428.7213547282197,-999.0,-999.0,0.0,9999,9999.0,1
939,949,0,-999.0,-999.0,0.0,9999,9999.0,-81.6,18.4,200.0,11,422.9917256873945,-999.0,-999.0,0.0,9999,9999.0,1
939,939,1,-999.0,-999.0,0.0,9999,9999.0,-84.2,15.8,200.0,14,775.2689855785538,-999.0,-999.0,0.0,9999,9999.0,1
939,949,1,-999.0,-999.0,0.0,9999,9999.0,-73.7,26.3,200.0,10,422.9917256873945,-999.0,-999.0,0.0,9999,9999.0,1
929,949,1,-999.0,-999.0,0.0,9999,9999.0,-71.1,28.9,200.0,10,417.4230468002456,-999.0,-999.0,0.0,9999,9999.0,1
939,949,0,-999.0,-999.0,0.0,9999,9999.0,-79.6,20.4,200.0,10,422.9917256873945,-999.0,-999.0,0.0,9999,9999.0,1
939,959,0,-999.0,-999.0,0.0,9999,9999.0,-72.6,27.4,200.0,10,431.2794917452023,-999.0,-999.0,0.0,9999,9999.0,1
939,949,0,-999.0,-999.0,0.0,9999,9999.0,-86.0,14.0,200.0,21,422.9917256873945,-999.0,-999.0,0.0,9999,9999.0,1
929,949,1,-999.0,-999.0,0.0,9999,9999.0,-82.4,17.6,200.0,11,417.4230468002456,-999.0,-999.0,0.0,9999,9999.0,1
939,949,0,-999.0,-999.0,0.0,9999,9999.0,-83.5,16.5,200.0,13,422.9917256873945,-999.0,-999.0,0.0,9999,9999.0,1
929,949,2,-94.7,0.3,10.52,997,237.15395843207003,-80.7,19.3,200.0,10,417.4230468002456,-999.0,-999.0,0.0,9999,9999.0,1
919,949,0,-999.0,-999.0,0.0,9999,9999.0,-78.5,21.5,200.0,10,412.0218440811118,-999.0,-999.0,0.0,9999,9999.0,1
929,949,0,-999.0,-999.0,0.0,9999,9999.0,-81.9,18.1,200.0,11,417.4230468002456,-999.0,-999.0,0.0,9999,9999.0,1
919,949,0,-999.0,-999.0,0.0,9999,9999.0,-74.4,25.6,200.0,10,772.503721673883,-999.0,-999.0,0.0,9999,9999.0,1
929,949,2,-999.0,-999.0,0.0,9999,9999.0,-79.5,20.5,200.0,10,417.4230468002456,-999.0,-999.0,0.0,9999,9999.0,1
929,939,0,-999.0,-999.0,0.0,9999,9999.0,-78.3,21.7,200.0,10,409.0990100208017,-999.0,-999.0,0.0,9999,9999.0,1
939,939,0,-999.0,-999.0,0.0,9999,9999.0,-78.7,21.3,200.0,10,414.77945947213925,-999.0,-999.0,0.0,9999,9999.0,1
939,949,1,-999.0,-999.0,0.0,9999,9999.0,-83.3,16.7,200.0,12,849.8952876678397,-999.0,-999.0,0.0,9999,9999.0,1
939,959,0,-999.0,-999.0,0.0,9999,9999.0,-80.3,19.7,200.0,10,431.2794917452023,-999.0,-999.0,0.0,9999,9999.0,1
949,959,0,-999.0,-999.0,0.0,9999,9999.0,-76.7,23.3,200.0,10,436.9004463261625,-999.0,-999.0,0.0,9999,9999.0,1
939,959,0,-999.0,-999.0,0.0,9999,9999.0,-82.1,17.9,200.0,11,431.2794917452023,-999.0,-999.0,0.0,9999,9999.0,1
939,949,1,-999.0,-999.0,0.0,9999,9999.0,-82.4,17.6,200.0,11,422.9917256873945,-999.0,-999.0,0.0,9999,9999.0,1
939,939,0,-999.0,-999.0,0.0,9999,9999.0,-74.0,26.0,200.0,10,414.77945947213925,-999.0,-999.0,0.0,9999,9999.0,1
929,939,0,-999.0,-999.0,0.0,9999,9999.0,-83.4,16.6,200.0,13,409.0990100208017,-999.0,-999.0,0.0,9999,9999.0,1
939,939,0,-999.0,-999.0,0.0,9999,9999.0,-82.6,17.4,200.0,11,414.77945947213925,-999.0,-999.0,0.0,9999,9999.0,1
939,949,0,-999.0,-999.0,0.0,9999,9999.0,-81.6,18.4,200.0,11,422.9917256873945,-999.0,-999.0,0.0,9999,9999.0,1
939,939,0,-999.0,-999.0,0.0,9999,9999.0,-84.3,15.7,200.0,14,414.77945947213925,-999.0,-999.0,0.0,9999,9999.0,1
939,949,0,-999.0,-999.0,0.0,9999,9999.0,-83.6,16.4,200.0,13,1052.1986504458177,-999.0,-999.0,0.0,9999,9999.0,1
939,939,0,-999.0,-999.0,0.0,9999,9999.0,-73.4,26.6,200.0,10,414.77945947213925,-999.0,-999.0,0.0,9999,9999.0,1
949,939,0,-999.0,-999.0,0.0,9999,9999.0,-72.8,27.2,200.0,10,420.62096952006567,-999.0,-999.0,0.0,9999,9999.0,1
939,939,2,-999.0,-999.0,0.0,9999,9999.0,-81.5,18.5,200.0,11,414.77945947213925,-999.0,-999.0,0.0,9999,9999.0,1
929,939,0,-999.0,-999.0,0.0,9999,9999.0,-76.9,23.1,200.0,10,409.0990100208017,-999.0,-999.0,0.0,9999,9999.0,1
929,929,2,-999.0,-999.0,0.0,9999,9999.0,-74.9,25.1,200.0,10,400.85159348566896,-999.0,-999.0,0.0,9999,9999.0,1
929,939,2,-999.0,-999.0,0.0,9999,9999.0,-77.7,22.3,200.0,10,409.0990100208017,-999.0,-999.0,0.0,9999,9999.0,1
929,929,0,-999.0,-999.0,0.0,9999,9999.0,-81.9,18.1,200.0,11,400.85159348566896,-999.0,-999.0,0.0,9999,9999.0,1
929,939,1,-999.0,-999.0,0.0,9999,9999.0,-77.7,22.3,200.0,10,409.0990100208017,-999.0,-999.0,0.0,9999,9999.0,1
929,949,0,-89.4,5.6,22.21,903,237.15395843207003,-77.7,22.3,200.0,10,417.4230468002456,-999.0,-999.0,0.0,9999,9999.0,0
919,949,2,-999.0,-999.0,0.0,9999,9999.0,-76.5,23.5,200.0,10,412.0218440811118,-999.0,-999.0,0.0,9999,9999.0,1
909,949,0,-999.0,-999.0,0.0,9999,9999.0,-80.3,19.7,200.0,10,406.79478856052225,-999.0,-999.0,0.0,9999,9999.0,1
909,959,1,-999.0,-999.0,0.0,9999,9999.0,-84.1,15.9,200.0,14,415.40582566930857,-999.0,-999.0,0.0,9999,9999.0,1
909,969,1,-999.0,-999.0,0.0,9999,9999.0,-78.5,21.5,200.0,10,424.07782304666677,-999.0,-999.0,0.0,9999,9999.0,1
899,969,0,-999.0,-999.0,0.0,9999,9999.0,-79.7,20.3,200.0,10,419.2397881880965,-999.0,-999.0,0.0,9999,9999.0,1
899,959,0,-999.0,-999.0,0.0,9999,9999.0,-80.5,19.5,200.0,10,410.4655893007354,-999.0,-999.0,0.0,9999,9999.0,1
899,969,2,-999.0,-999.0,0.0,9999,9999.0,-81.1,18.9,200.0,10,419.2397881880965,-999.0,-999.0,0.0,9999,9999.0,1
889,969,1,-999.0,-999.0,0.0,9999,9999.0,-78.9,21.1,200.0,10,414.5865410261168,-999.0,-999.0,0.0,9999,9999.0,1
879,969,0,-999.0,-999.0,0.0,9999,9999.0,-77.2,22.8,200.0,10,410.1243713801949,-999.0,-999.0,0.0,9999,9999.0,1
879,979,1,-999.0,-999.0,0.0,9999,9999.0,-78.5,21.5,200.0,10,419.1443665373543,-999.0,-999.0,0.0,9999,9999.0,1
889,979,0,-999.0,-999.0,0.0,9999,9999.0,-74.3,25.7,200.0,10,423.5115110596169,-999.0,-999.0,0.0,9999,9999.0,1
879,979,2,-92.0,3.0,15.87,975,242.24367896810023,-77.3,22.7,200.0,10,419.1443665373543,-999.0,-999.0,0.0,9999,9999.0,1
869,979,0,-999.0,-999.0,0.0,9999,9999.0,-83.7,16.3,200.0,13,414.97228823139505,-999.0,-999.0,0.0,9999,9999.0,1
859,979,1,-999.0,-999.0,0.0,9999,9999.0,-82.8,17.2,200.0,12,411.0012165432117,-999.0,-999.0,0.0,9999,9999.0,1
859,989,0,-999.0,-999.0,0.0,9999,9999.0,-86.0,14.0,200.0,20,420.240407386058,-999.0,-999.0,0.0,9999,9999.0,1
849,989,0,-999.0,-999.0,0.0,9999,9999.0,-74.0,26.0,200.0,10,416.55971960812536,-999.0,-999.0,0.0,9999,9999.0,1
839,989,2,-999.0,-999.0,0.0,9999,9999.0,-81.5,18.5,200.0,11,413.08836827003495,-999.0,-999.0,0.0,9999,9999.0,1
849,989,0,-999.0,-999.0,0.0,9999,9999.0,-77.2,22.8,200.0,10,416.55971960812536,-999.0,-999.0,0.0,9999,9999.0,1
839,989,0,-999.0,-999.0,0.0,9999,9999.0,-75.6,24.4,200.0,10,413.08836827003495,-999.0,-999.0,0.0,9999,9999.0,1
839,979,0,-999.0,-999.0,0.0,9999,9999.0,-83.9,16.1,200.0,13,403.685521167158,-999.0,-999.0,0.0,9999,9999.0,1
849,979,0,-999.0,-999.0,0.0,9999,9999.0,-82.0,18.0,200.0,11,407.23703171494606,-999.0,-999.0,0.0,9999,9999.0,1
839,979,0,-999.0,-999.0,0.0,9999,9999.0,-80.2,19.8,200.0,10,403.685521167158,-999.0,-999.0,0.0,9999,9999.0,1
839,969,0,-999.0,-999.0,0.0,9999,9999.0,-77.7,22.3,200.0,10,394.31205916126885,-999.0,-999.0,0.0,9999,9999.0,1
839,979,0,-999.0,-999.0,0.0,9999,9999.0,-78.0,22.0,200.0,10,403.685521167158,-999.0,-999.0,0.0,9999,9999.0,1
829,979,0,-999.0,-999.0,0.0,9999,9999.0,-75.3,24.7,200.0,10,400.35234481641294,-999.0,-999.0,0.0,9999,9999.0,1
819,979,0,-999.0,-999.0,0.0,9999,9999.0,-76.3,23.7,200.0,10,397.2429986796495,-999.0,-999.0,0.0,9999,9999.0,1
819,989,1,-999.0,-999.0,0.0,9999,9999.0,-80.7,19.3,200.0,10,406.79478856052225,-999.0,-999.0,0.0,9999,9999.0,1
819,999,1,-999.0,-999.0,0.0,9999,9999.0,-82.3,17.7,200.0,11,902.6416786300088,-999.0,-999.0,0.0,9999,9999.0,1
809,999,1,-999.0,-999.0,0.0,9999,9999.0,-78.6,21.4,200.0,10,764.2525760506143,-999.0,-999.0,0.0,9999,9999.0,1
809,989,1,-999.0,-999.0,0.0,9999,9999.0,-77.7,22.3,200.0,10,403.98267289575676,-999.0,-999.0,0.0,9999,9999.0,1
809,999,0,-999.0,-999.0,0.0,9999,9999.0,-81.9,18.1,200.0,11,1004.6302802523921,-999.0,-999.0,0.0,9999,9999.0,1
809,999,1,-999.0,-999.0,0.0,9999,9999.0,-84.1,15.9,200.0,14,413.6205991001899,-999.0,-999.0,0.0,9999,9999.0,1
809,989,0,-999.0,-999.0,0.0,9999,9999.0,-81.8,18.2,200.0,11,893.6453435228094,-999.0,-999.0,0.0,9999,9999.0,1
819,989,2,-999.0,-999.0,0.0,9999,9999.0,-76.7,23.3,200.0,10,406.79478856052225,-999.0,-999.0,0.0,9999,9999.0,1
819,979,0,-999.0,-999.0,0.0,9999,9999.0,-77.9,22.1,200.0,10,397.2429986796495,-999.0,-999.0,0.0,9999,9999.0,1
829,979,2,-999.0,-999.0,0.0,9999,9999.0,-70.4,29.6,200.0,10,400.35234481641294,-999.0,-999.0,0.0,9999,9999.0,1
819,979,0,-999.0,-999.0,0.0,9999,9999.0,-82.4,17.6,200.0,11,882.7241924859655,-999.0,-999.0,0.0,9999,9999.0,1
819,969,1,-999.0,-999.0,0.0,9999,9999.0,-76.4,23.6,200.0,10,387.713811979919,-999.0,-999.0,0.0,9999,9999.0,1
829,969,0,-999.0,-999.0,0.0,9999,9999.0,-78.7,21.3,200.0,10,745.5212941291483,-999.0,-999.0,0.0,9999,9999.0,1
819,969,1,-999.0,-999.0,0.0,9999,9999.0,-76.9,23.1,200.0,10,387.713811979919,-999.0,-999.0,0.0,9999,9999.0,1
819,959,1,-999.0,-999.0,0.0,9999,9999.0,-77.6,22.4,200.0,10,378.2089369647417,-999.0,-999.0,0.0,9999,9999.0,1
819,969,1,-94.5,0.5,10.84,996,219.8226557932553,-84.0,16.0,200.0,14,387.713811979919,-999.0,-999.0,0.0,9999,9999.0,1
819,959,0,-999.0,-999.0,0.0,9999,9999.0,-74.3,25.7,200.0,10,378.2089369647417,-999.0,-999.0,0.0,9999,9999.0,1
819,969,1,-999.0,-999.0,0.0,9999,9999.0,-81.3,18.7,200.0,11,387.713811979919,-999.0,-999.0,0.0,9999,9999.0,1
809,969,2,-999.0,-999.0,0.0,9999,9999.0,-81.2,18.8,200.0,11,384.7622642619726,-999.0,-999.0,0.0,9999,9999.0,1
809,959,0,-999.0,-999.0,0.0,9999,9999.0,-74.1,25.9,200.0,10,375.1826221988433,-999.0,-999.0,0.0,9999,9999.0,1
819,959,1,-999.0,-999.0,0.0,9999,9999.0,-79.8,20.2,200.0,10,378.2089369647417,-999.0,-999.0,0.0,9999,9999.0,1
819,949,0,-999.0,-999.0,0.0,9999,9999.0,-80.0,20.0,200.0,10,368.73025370858846,-999.0,-999.0,0.0,9999,9999.0,1
829,949,1,-999.0,-999.0,0.0,9999,9999.0,-78.7,21.3,200.0,10,372.0779488225552,-999.0,-999.0,0.0,9999,9999.0,1
819,949,1,-999.0,-999.0,0.0,9999,9999.0,-79.9,20.1,200.0,10,368.73025370858846,-999.0,-999.0,0.0,9999,9999.0,1
819,959,0,-999.0,-999.0,0.0,9999,9999.0,-76.2,23.8,200.0,10,378.2089369647417,-999.0,-999.0,0.0,9999,9999.0,1
829,959,0,-999.0,-999.0,0.0,9999,9999.0,-80.8,19.2,200.0,10,381.47345910298924,-999.0,-999.0,0.0,9999,9999.0,1
829,969,0,-999.0,-999.0,0.0,9999,9999.0,-74.9,25.1,200.0,10,390.8989639280207,-999.0,-999.0,0.0,9999,9999.0,1
829,959,0,-999.0,-999.0,0.0,9999,9999.0,-76.7,23.3,200.0,10,381.47345910298924,-999.0,-999.0,0.0,9999,9999.0,1
829,949,0,-999.0,-999.0,0.0,9999,9999.0,-78.1,21.9,200.0,10,372.0779488225552,-999.0,-999.0,0.0,9999,9999.0,1
829,939,2,-999.0,-999.0,0.0,9999,9999.0,-73.4,26.6,200.0,10,362.714763967501,-999.0,-999.0,0.0,9999,9999.0,1
819,939,1,-999.0,-999.0,0.0,9999,9999.0,-77.3,22.7,200.0,10,359.2798352259698,-999.0,-999.0,0.0,9999,9999.0,1
819,929,0,-999.0,-999.0,0.0,9999,9999.0,-75.5,24.5,200.0,10,349.85997198879437,-999.0,-999.0,0.0,9999,9999.0,1
829,929,0,-999.0,-999.0,0.0,9999,9999.0,-78.0,22.0,200.0,10,353.3864739912947,-999.0,-999.0,0.0,9999,9999.0,1
839,929,1,-999.0,-999.0,0.0,9999,9999.0,-80.3,19.7,200.0,10,714.5362132180566,-999.0,-999.0,0.0,9999,9999.0,1
829,929,0,-999.0,-999.0,0.0,9999,9999.0,-77.5,22.5,200.0,10,353.3864739912947,-999.0,-999.0,0.0,9999,9999.0,1
819,929,0,-999.0,-999.0,0.0,9999,9999.0,-74.8,25.2,200.0,10,349.85997198879437,-999.0,-999.0,0.0,9999,9999.0,1
809,929,1,-999.0,-999.0,0.0,9999,9999.0,-73.6,26.4,200.0,10,346.5862086119412,-999.0,-999.0,0.0,9999,9999.0,1
809,919,0,-93.1,1.9,13.58,987,169.23947530053383,-79.1,20.9,200.0,10,337.10829120625317,-999.0,-999.0,0.0,9999,9999.0,0
809,929,0,-92.9,2.1,13.94,985,179.22611416866684,-72.9,27.1,200.0,10,346.5862086119412,-999.0,-999.0,0.0,9999,9999.0,0
809,939,1,-999.0,-999.0,0.0,9999,9999.0,-82.4,17.6,200.0,11,356.092684564005,-999.0,-999.0,0.0,9999,9999.0,1
799,939,0,-999.0,-999.0,0.0,9999,9999.0,-78.1,21.9,200.0,10,353.1600203873592,-999.0,-999.0,0.0,9999,9999.0,1
789,939,0,-999.0,-999.0,0.0,9999,9999.0,-77.9,22.1,200.0,10,350.48823090083926,-999.0,-999.0,0.0,9999,9999.0,1
779,939,0,-999.0,-999.0,0.0,9999,9999.0,-84.3,15.7,200.0,14,348.0833233580718,-999.0,-999.0,0.0,9999,9999.0,1
779,949,2,-999.0,-999.0,0.0,9999,9999.0,-77.8,22.2,200.0,10,357.8295683701949,-999.0,-999.0,0.0,9999,9999.0,1
779,939,0,-999.0,-999.0,0.0,9999,9999.0,-78.1,21.9,200.0,10,348.0833233580718,-999.0,-999.0,0.0,9999,9999.0,1
769,939,0,-999.0,-999.0,0.0,9999,9999.0,-68.4,31.6,200.0,10,345.950863563021,-999.0,-999.0,0.0,9999,9999.0,1
759,939,0,-999.0,-999.0,0.0,9999,9999.0,-76.5,23.5,200.0,10,344.095916860401,-999.0,-999.0,0.0,9999,9999.0,1
769,939,2,-94.3,0.7,11.13,995,191.52545522723605,-77.8,22.2,200.0,10,932.6746485243394,-999.0,-999.0,0.0,9999,9999.0,1
779,939,1,-999.0,-999.0,0.0,9999,9999.0,-82.2,17.8,200.0,11,348.0833233580718,-999.0,-999.0,0.0,9999,9999.0,1
769,939,0,-999.0,-999.0,0.0,9999,9999.0,-78.5,21.5,200.0,10,345.950863563021,-999.0,-999.0,0.0,9999,9999.0,1
759,939,0,-999.0,-999.0,0.0,9999,9999.0,-83.0,17.0,200.0,12,344.095916860401,-999.0,-999.0,0.0,9999,9999.0,1
759,929,0,-999.0,-999.0,0.0,9999,9999.0,-78.8,21.2,200.0,10,334.24841061701403,-999.0,-999.0,0.0,9999,9999.0,1
759,919,1,-999.0,-999.0,0.0,9999,9999.0,-71.7,28.3,200.0,10,324.4102341172362,-999.0,-999.0,0.0,9999,9999.0,1
749,919,2,-94.6,0.4,10.74,996,176.52761823578768,-72.4,27.6,200.0,10,322.7413825340655,-999.0,-999.0,0.0,9999,9999.0,1
749,909,0,-999.0,-999.0,0.0,9999,9999.0,-73.6,26.4,200.0,10,312.86099149622345,-999.0,-999.0,0.0,9999,9999.0,1
749,919,0,-999.0,-999.0,0.0,9999,9999.0,-72.5,27.5,200.0,10,322.7413825340655,-999.0,-999.0,0.0,9999,9999.0,1
749,909,0,-90.8,4.2,18.52,953,166.97904060090895,-74.1,25.9,200.0,10,312.86099149622345,-999.0,-999.0,0.0,9999,9999.0,0
739,909,0,-94.5,0.5,10.94,996,170.29973576021777,-75.6,24.4,200.0,10,311.4514408378937,-999.0,-999.0,0.0,9999,9999.0,0
739,919,0,-999.0,-999.0,0.0,9999,9999.0,-76.1,23.9,200.0,10,321.37517016720506,-999.0,-999.0,0.0,9999,9999.0,1
739,929,1,-999.0,-999.0,0.0,9999,9999.0,-70.9,29.1,200.0,10,331.3034862478812,-999.0,-999.0,0.0,9999,9999.0,1
729,929,0,-93.8,1.2,12.18,992,192.566871501824,-73.8,26.2,200.0,10,330.2756424564185,-999.0,-999.0,0.0,9999,9999.0,0
739,929,0,-999.0,-999.0,0.0,9999,9999.0,-72.4,27.6,200.0,10,331.3034862478812,-999.0,-999.0,0.0,9999,9999.0,1
729,929,0,-999.0,-999.0,0.0,9999,9999.0,-74.8,25.2,200.0,10,330.2756424564185,-999.0,-999.0,0.0,9999,9999.0,1
739,929,0,-999.0,-999.0,0.0,9999,9999.0,-71.6,28.4,200.0,10,331.3034862478812,-999.0,-999.0,0.0,9999,9999.0,1
739,919,1,-999.0,-999.0,0.0,9999,9999.0,-75.4,24.6,200.0,10,321.37517016720506,-999.0,-999.0,0.0,9999,9999.0,1
739,929,1,-999.0,-999.0,0.0,9999,9999.0,-71.0,29.0,200.0,10,331.3034862478812,-999.0,-999.0,0.0,9999,9999.0,1
729,929,0,-999.0,-999.0,0.0,9999,9999.0,-76.3,23.7,200.0,10,330.2756424564185,-999.0,-999.0,0.0,9999,9999.0,1
729,919,2,-999.0,-999.0,0.0,9999,9999.0,-76.1,23.9,200.0,10,320.31546949843056,-999.0,-999.0,0.0,9999,9999.0,1
739,919,0,-999.0,-999.0,0.0,9999,9999.0,-80.4,19.6,200.0,10,321.37517016720506,-999.0,-999.0,0.0,9999,9999.0,1
749,919,0,-999.0,-999.0,0.0,9999,9999.0,-78.8,21.2,200.0,10,322.7413825340655,-999.0,-999.0,0.0,9999,9999.0,1
739,919,0,-999.0,-999.0,0.0,9999,9999.0,-70.7,29.3,200.0,10,321.37517016720506,-999.0,-999.0,0.0,9999,9999.0,1
749,919,2,-999.0,-999.0,0.0,9999,9999.0,-77.2,22.8,200.0,10,322.7413825340655,-999.0,-999.0,0.0,9999,9999.0,1
739,919,0,-999.0,-999.0,0.0,9999,9999.0,-81.7,18.3,200.0,11,321.37517016720506,-999.0,-999.0,0.0,9999,9999.0,1
739,909,0,-999.0,-999.0,0.0,9999,9999.0,-71.9,28.1,200.0,10,311.4514408378937,-999.0,-999.0,0.0,9999,9999.0,1
739,899,2,-999.0,-999.0,0.0,9999,9999.0,-75.8,24.2,200.0,10,301.53275112332324,-999.0,-999.0,0.0,9999,9999.0,1
739,909,0,-999.0,-999.0,0.0,9999,9999.0,-73.6,26.4,200.0,10,311.4514408378937,-999.0,-999.0,0.0,9999,9999.0,1
749,909,0,-999.0,-999.0,0.0,9999,9999.0,-70.3,29.7,200.0,10,312.86099149622345,-999.0,-999.0,0.0,9999,9999.0,1
749,899,2,-999.0,-999.0,0.0,9999,9999.0,-75.7,24.3,200.0,10,302.98844862469593,-999.0,-999.0,0.0,9999,9999.0,1
749,909,0,-999.0,-999.0,0.0,9999,9999.0,-68.1,31.9,200.0,10,312.86099149622345,-999.0,-999.0,0.0,9999,9999.0,1
749,919,0,-999.0,-999.0,0.0,9999,9999.0,-77.8,22.2,200.0,10,322.7413825340655,-999.0,-999.0,0.0,9999,9999.0,1
749,929,1,-999.0,-999.0,0.0,9999,9999.0,-74.3,25.7,200.0,10,332.62892237446823,-999.0,-999.0,0.0,9999,9999.0,1
749,919,0,-999.0,-999.0,0.0,9999,9999.0,-74.0,26.0,200.0,10,322.7413825340655,-999.0,-999.0,0.0,9999,9999.0,1
749,929,1,-999.0,-999.0,0.0,9999,9999.0,-75.0,25.0,200.0,10,332.62892237446823,-999.0,-999.0,0.0,9999,9999.0,1
759,929,0,-999.0,-999.0,0.0,9999,9999.0,-75.0,25.0,200.0,10,334.24841061701403,-999.0,-999.0,0.0,9999,9999.0,1
769,929,0,-999.0,-999.0,0.0,9999,9999.0,-83.2,16.8,200.0,12,336.157701086856,-999.0,-999.0,0.0,9999,9999.0,1
769,939,0,-999.0,-999.0,0.0,9999,9999.0,-78.5,21.5,200.0,10,345.950863563021,-999.0,-999.0,0.0,9999,9999.0,1
769,929,1,-999.0,-999.0,0.0,9999,9999.0,-84.6,15.4,200.0,15,839.2866018232389,-999.0,-999.0,0.0,9999,9999.0,1
769,939,1,-999.0,-999.0,0.0,9999,9999.0,-79.9,20.1,200.0,10,693.3123394257454,-999.0,-999.0,0.0,9999,9999.0,1
769,949,2,-999.0,-999.0,0.0,9999,9999.0,-76.3,23.7,200.0,10,355.7555340398797,-999.0,-999.0,0.0,9999,9999.0,1
769,959,0,-999.0,-999.0,0.0,9999,9999.0,-78.0,22.0,200.0,10,365.57078657901536,-999.0,-999.0,0.0,9999,9999.0,1
759,959,0,-999.0,-999.0,0.0,9999,9999.0,-75.7,24.3,200.0,10,363.8158875035558,-999.0,-999.0,0.0,9999,9999.0,1
749,959,0,-999.0,-999.0,0.0,9999,9999.0,-78.4,21.6,200.0,10,362.3285801589491,-999.0,-999.0,0.0,9999,9999.0,1
749,949,0,-999.0,-999.0,0.0,9999,9999.0,-73.3,26.7,200.0,10,352.42304124446804,-999.0,-999.0,0.0,9999,9999.0,1
759,949,2,-999.0,-999.0,0.0,9999,9999.0,-80.1,19.9,200.0,10,860.6288398607148,-999.0,-999.0,0.0,9999,9999.0,1
759,939,0,-999.0,-999.0,0.0,9999,9999.0,-74.5,25.5,200.0,10,344.095916860401,-999.0,-999.0,0.0,9999,9999.0,1
749,939,1,-999.0,-999.0,0.0,9999,9999.0,-78.5,21.5,200.0,10,342.52299192900904,-999.0,-999.0,0.0,9999,9999.0,1
749,949,1,-999.0,-999.0,0.0,9999,9999.0,-79.3,20.7,200.0,10,352.42304124446804,-999.0,-999.0,0.0,9999,9999.0,1
759,949,0,-999.0,-999.0,0.0,9999,9999.0,-75.2,24.8,200.0,10,353.9519741433857,-999.0,-999.0,0.0,9999,9999.0,1
749,949,2,-999.0,-999.0,0.0,9999,9999.0,-83.3,16.7,200.0,12,352.42304124446804,-999.0,-999.0,0.0,9999,9999.0,1
759,949,0,-999.0,-999.0,0.0,9999,9999.0,-74.1,25.9,200.0,10,353.9519741433857,-999.0,-999.0,0.0,9999,9999.0,1
759,959,0,-999.0,-999.0,0.0,9999,9999.0,-80.9,19.1,200.0,10,363.8158875035558,-999.0,-999.0,0.0,9999,9999.0,1
759,969,1,-999.0,-999.0,0.0,9999,9999.0,-81.7,18.3,200.0,11,373.68703482994965,-999.0,-999.0,0.0,9999,9999.0,1
749,969,0,-999.0,-999.0,0.0,9999,9999.0,-79.1,20.9,200.0,10,372.2391704267567,-999.0,-999.0,0.0,9999,9999.0,1
739,969,0,-999.0,-999.0,0.0,9999,9999.0,-70.2,29.8,200.0,10,371.0552519504339,-999.0,-999.0,0.0,9999,9999.0,1
749,969,0,-999.0,-999.0,0.0,9999,9999.0,-80.0,20.0,200.0,10,372.2391704267567,-999.0,-999.0,0.0,9999,9999.0,1
759,969,1,-999.0,-999.0,0.0,9999,9999.0,-75.7,24.3,200.0,10,373.68703482994965,-999.0,-999.0,0.0,9999,9999.0,1
749,969,0,-999.0,-999.0,0.0,9999,9999.0,-77.6,22.4,200.0,10,372.2391704267567,-999.0,-999.0,0.0,9999,9999.0,1
749,959,0,-999.0,-999.0,0.0,9999,9999.0,-79.4,20.6,200.0,10,362.3285801589491,-999.0,-999.0,0.0,9999,9999.0,1
739,959,1,-999.0,-999.0,0.0,9999,9999.0,-82.2,17.8,200.0,11,361.1121709386157,-999.0,-999.0,0.0,9999,9999.0,1
749,959,1,-999.0,-999.0,0.0,9999,9999.0,-80.7,19.3,200.0,10,362.3285801589491,-999.0,-999.0,0.0,9999,9999.0,1
759,959,0,-999.0,-999.0,0.0,9999,9999.0,-76.8,23.2,200.0,10,363.8158875035558,-999.0,-999.0,0.0,9999,9999.0,1
759,949,0,-999.0,-999.0,0.0,9999,9999.0,-72.2,27.8,200.0,10,353.9519741433857,-999.0,-999.0,0.0,9999,9999.0,1
759,939,1,-999.0,-999.0,0.0,9999,9999.0,-78.0,22.0,200.0,10,344.095916860401,-999.0,-999.0,0.0,9999,9999.0,1
759,949,1,-999.0,-999.0,0.0,9999,9999.0,-81.2,18.8,200.0,10,353.9519741433857,-999.0,-999.0,0.0,9999,9999.0,1
749,949,0,-999.0,-999.0,0.0,9999,9999.0,-77.7,22.3,200.0,10,352.42304124446804,-999.0,-999.0,0.0,9999,9999.0,1
749,959,0,-999.0,-999.0,0.0,9999,9999.0,-81.5,18.5,200.0,11,362.3285801589491,-999.0,-999.0,0.0,9999,9999.0,1
749,969,1,-999.0,-999.0,0.0,9999,9999.0,-84.0,16.0,200.0,14,372.2391704267567,-999.0,-999.0,0.0,9999,9999.0,1
749,959,0,-999.0,-999.0,0.0,9999,9999.0,-80.7,19.3,200.0,10,362.3285801589491,-999.0,-999.0,0.0,9999,9999.0,1
749,949,0,-999.0,-999.0,0.0,9999,9999.0,-80.6,19.4,200.0,10,352.42304124446804,-999.0,-999.0,0.0,9999,9999.0,1
739,949,0,-999.0,-999.0,0.0,9999,9999.0,-76.1,23.9,200.0,10,351.17232237179513,-999.0,-999.0,0.0,9999,9999.0,1
749,949,0,-999.0,-999.0,0.0,9999,9999.0,-75.4,24.6,200.0,10,352.42304124446804,-999.0,-999.0,0.0,9999,9999.0,1
739,949,1,-999.0,-999.0,0.0,9999,9999.0,-81.8,18.2,200.0,11,351.17232237179513,-999.0,-999.0,0.0,9999,9999.0,1
739,959,1,-999.0,-999.0,0.0,9999,9999.0,-76.6,23.4,200.0,10,361.1121709386157,-999.0,-999.0,0.0,9999,9999.0,1
739,949,1,-999.0,-999.0,0.0,9999,9999.0,-83.1,16.9,200.0,12,691.6082706272388,-999.0,-999.0,0.0,9999,9999.0,1
739,939,2,-999.0,-999.0,0.0,9999,9999.0,-80.3,19.7,200.0,10,682.233097995106,-999.0,-999.0,0.0,9999,9999.0,1
749,939,1,-999.0,-999.0,0.0,9999,9999.0,-77.1,22.9,200.0,10,342.52299192900904,-999.0,-999.0,0.0,9999,9999.0,1
759,939,0,-999.0,-999.0,0.0,9999,9999.0,-71.0,29.0,200.0,10,344.095916860401,-999.0,-999.0,0.0,9999,9999.0,1
759,949,0,-999.0,-999.0,0.0,9999,9999.0,-78.4,21.6,200.0,10,353.9519741433857,-999.0,-999.0,0.0,9999,9999.0,1
749,949,0,-999.0,-999.0,0.0,9999,9999.0,-80.5,19.5,200.0,10,352.42304124446804,-999.0,-999.0,0.0,9999,9999.0,1
739,949,0,-999.0,-999.0,0.0,9999,9999.0,-81.2,18.8,200.0,10,351.17232237179513,-999.0,-999.0,0.0,9999,9999.0,1
739,959,1,-999.0,-999.0,0.0,9999,9999.0,-72.8,27.2,200.0,10,361.1121709386157,-999.0,-999.0,0.0,9999,9999.0,1
739,949,1,-999.0,-999.0,0.0,9999,9999.0,-75.8,24.2,200.0,10,351.17232237179513,-999.0,-999.0,0.0,9999,9999.0,1
739,939,1,-999.0,-999.0,0.0,9999,9999.0,-79.6,20.4,200.0,10,341.2359887233467,-999.0,-999.0,0.0,9999,9999.0,1
739,929,0,-999.0,-999.0,0.0,9999,9999.0,-77.5,22.5,200.0,10,331.3034862478812,-999.0,-999.0,0.0,9999,9999.0,1
739,939,2,-999.0,-999.0,0.0,9999,9999.0,-85.4,14.6,200.0,18,341.2359887233467,-999.0,-999.0,0.0,9999,9999.0,1
729,939,2,-999.0,-999.0,0.0,9999,9999.0,-82.7,17.3,200.0,12,678.7945197185965,-999.0,-999.0,0.0,9999,9999.0,1
739,939,0,-999.0,-999.0,0.0,9999,9999.0,-78.1,21.9,200.0,10,341.2359887233467,-999.0,-999.0,0.0,9999,9999.0,1
749,939,0,-999.0,-999.0,0.0,9999,9999.0,-72.0,28.0,200.0,10,342.52299192900904,-999.0,-999.0,0.0,9999,9999.0,1
759,939,0,-999.0,-999.0,0.0,9999,9999.0,-77.1,22.9,200.0,10,344.095916860401,-999.0,-999.0,0.0,9999,9999.0,1
769,939,0,-999.0,-999.0,0.0,9999,9999.0,-78.9,21.1,200.0,10,693.3123394257454,-999.0,-999.0,0.0,9999,9999.0,1
779,939,0,-999.0,-999.0,0.0,9999,9999.0,-76.1,23.9,200.0,10,348.0833233580718,-999.0,-999.0,0.0,9999,9999.0,1
779,949,0,-999.0,-999.0,0.0,9999,9999.0,-77.1,22.9,200.0,10,357.8295683701949,-999.0,-999.0,0.0,9999,9999.0,1
779,939,0,-999.0,-999.0,0.0,9999,9999.0,-82.3,17.7,200.0,11,348.0833233580718,-999.0,-999.0,0.0,9999,9999.0,1
779,949,1,-999.0,-999.0,0.0,9999,9999.0,-74.8,25.2,200.0,10,357.8295683701949,-999.0,-999.0,0.0,9999,9999.0,1
789,949,1,-999.0,-999.0,0.0,9999,9999.0,-75.4,24.6,200.0,10,360.16940458623077,-999.0,-999.0,0.0,9999,9999.0,1
779,949,1,-999.0,-999.0,0.0,9999,9999.0,-72.5,27.5,200.0,10,357.8295683701949,-999.0,-999.0,0.0,9999,9999.0,1
779,959,0,-999.0,-999.0,0.0,9999,9999.0,-82.4,17.6,200.0,11,367.589444897429,-999.0,-999.0,0.0,9999,9999.0,1
789,959,0,-999.0,-999.0,0.0,9999,9999.0,-86.5,13.5,200.0,23,719.5846023922413,-999.0,-999.0,0.0,9999,9999.0,1
779,959,1,-94.8,0.2,10.26,997,210.05237442123808,-81.2,18.8,200.0,11,367.589444897429,-999.0,-999.0,0.0,9999,9999.0,1
769,959,1,-999.0,-999.0,0.0,9999,9999.0,-76.1,23.9,200.0,10,365.57078657901536,-999.0,-999.0,0.0,9999,9999.0,1
769,949,0,-999.0,-999.0,0.0,9999,9999.0,-86.2,13.8,200.0,21,702.5396785947396,-999.0,-999.0,0.0,9999,9999.0,1
759,949,1,-999.0,-999.0,0.0,9999,9999.0,-71.9,28.1,200.0,10,353.9519741433857,-999.0,-999.0,0.0,9999,9999.0,1
759,939,0,-999.0,-999.0,0.0,9999,9999.0,-76.8,23.2,200.0,10,344.095916860401,-999.0,-999.0,0.0,9999,9999.0,1
759,929,1,-999.0,-999.0,0.0,9999,9999.0,-78.5,21.5,200.0,10,334.24841061701403,-999.0,-999.0,0.0,9999,9999.0,1
759,919,0,-94.2,0.8,11.33,995,173.90227140552247,-72.2,27.8,200.0,10,324.4102341172362,-999.0,-999.0,0.0,9999,9999.0,0
769,919,1,-999.0,-999.0,0.0,9999,9999.0,-73.3,26.7,200.0,10,326.377082528783,-999.0,-999.0,0.0,9999,9999.0,1
779,919,2,-999.0,-999.0,0.0,9999,9999.0,-71.1,28.9,200.0,10,328.63657739210953,-999.0,-999.0,0.0,9999,9999.0,1
779,929,0,-999.0,-999.0,0.0,9999,9999.0,-80.2,19.8,200.0,10,338.35188783277096,-999.0,-999.0,0.0,9999,9999.0,1
779,939,1,-999.0,-999.0,0.0,9999,9999.0,-67.1,32.9,200.0,10,348.0833233580718,-999.0,-999.0,0.0,9999,9999.0,1
779,949,1,-999.0,-999.0,0.0,9999,9999.0,-85.0,15.0,200.0,16,857.5791508659711,-999.0,-999.0,0.0,9999,9999.0,1
779,939,0,-999.0,-999.0,0.0,9999,9999.0,-77.3,22.7,200.0,10,348.0833233580718,-999.0,-999.0,0.0,9999,9999.0,1
779,929,1,-999.0,-999.0,0.0,9999,9999.0,-76.0,24.0,200.0,10,338.35188783277096,-999.0,-999.0,0.0,9999,9999.0,1
779,919,1,-999.0,-999.0,0.0,9999,9999.0,-73.8,26.2,200.0,10,328.63657739210953,-999.0,-999.0,0.0,9999,9999.0,1
789,919,0,-94.9,0.1,10.16,997,169.3576098083579,-76.9,23.1,200.0,10,331.1827290182868,-999.0,-999.0,0.0,9999,9999.0,0
789,909,0,-93.8,1.2,12.13,992,159.38004893963358,-77.4,22.6,200.0,10,674.0934653295491,-999.0,-999.0,0.0,9999,9999.0,0
789,899,0,-94.5,0.5,10.79,996,149.40548852033515,-87.3,12.7,200.0,30,665.0729283319237,-999.0,-999.0,0.0,9999,9999.0,0
789,889,1,-94.5,0.5,10.87,996,139.43457247038842,-78.1,21.9,200.0,10,656.0807877083431,-999.0,-999.0,0.0,9999,9999.0,1
799,889,1,-999.0,-999.0,0.0,9999,9999.0,-71.8,28.2,200.0,10,305.486497246605,-999.0,-999.0,0.0,9999,9999.0,1
809,889,0,-999.0,-999.0,0.0,9999,9999.0,-76.2,23.8,200.0,10,308.8721418321827,-999.0,-999.0,0.0,9999,9999.0,1
819,889,1,-999.0,-999.0,0.0,9999,9999.0,-68.5,31.5,200.0,10,312.54119728445403,-999.0,-999.0,0.0,9999,9999.0,1
809,889,1,-999.0,-999.0,0.0,9999,9999.0,-73.8,26.2,200.0,10,308.8721418321827,-999.0,-999.0,0.0,9999,9999.0,1
819,889,0,-999.0,-999.0,0.0,9999,9999.0,-72.7,27.3,200.0,10,312.54119728445403,-999.0,-999.0,0.0,9999,9999.0,1
809,889,0,-999.0,-999.0,0.0,9999,9999.0,-76.1,23.9,200.0,10,308.8721418321827,-999.0,-999.0,0.0,9999,9999.0,1
809,879,0,-999.0,-999.0,0.0,9999,9999.0,-63.0,37.0,200.0,10,299.5363083167047,-999.0,-999.0,0.0,9999,9999.0,1
809,889,1,-999.0,-999.0,0.0,9999,9999.0,-75.9,24.1,200.0,10,308.8721418321827,-999.0,-999.0,0.0,9999,9999.0,1
809,899,0,-999.0,-999.0,0.0,9999,9999.0,-75.5,24.5,200.0,10,318.2483307104689,-999.0,-999.0,0.0,9999,9999.0,1
809,889,0,-999.0,-999.0,0.0,9999,9999.0,-71.3,28.7,200.0,10,308.8721418321827,-999.0,-999.0,0.0,9999,9999.0,1
819,889,0,-94.2,0.8,11.31,995,140.29255147726127,-77.9,22.1,200.0,10,312.54119728445403,-999.0,-999.0,0.0,9999,9999.0,0
829,889,0,-94.3,0.7,11.25,995,141.9929575718458,-76.1,23.9,200.0,10,316.48380685273617,-999.0,-999.0,0.0,9999,9999.0,0
829,899,0,-91.2,3.8,17.73,961,151.79591562357663,-66.1,33.9,200.0,10,325.64090652127845,-999.0,-999.0,0.0,9999,9999.0,0
819,899,0,-93.1,1.9,13.54,987,150.20652449211386,-76.5,23.5,200.0,10,321.8105032468642,-999.0,-999.0,0.0,9999,9999.0,0
819,889,0,-91.6,3.4,16.73,969,140.29255147726127,-72.8,27.2,200.0,10,312.54119728445403,-999.0,-999.0,0.0,9999,9999.0,0
819,899,0,-999.0,-999.0,0.0,9999,9999.0,-78.2,21.8,200.0,10,321.8105032468642,-999.0,-999.0,0.0,9999,9999.0,1
809,899,0,-92.4,2.6,15.06,980,149.27156460625713,-74.4,25.6,200.0,10,318.2483307104689,-999.0,-999.0,0.0,9999,9999.0,0
809,909,0,-92.7,2.3,14.31,984,159.25451327984396,-77.3,22.7,200.0,10,327.66141060552127,-999.0,-999.0,0.0,9999,9999.0,0
809,919,2,-999.0,-999.0,0.0,9999,9999.0,-78.6,21.4,200.0,10,691.8395767806292,-999.0,-999.0,0.0,9999,9999.0,1
799,919,0,-999.0,-999.0,0.0,9999,9999.0,-74.2,25.8,200.0,10,334.0089819151575,-999.0,-999.0,0.0,9999,9999.0,1
789,919,0,-999.0,-999.0,0.0,9999,9999.0,-78.5,21.5,200.0,10,331.1827290182868,-999.0,-999.0,0.0,9999,9999.0,1
779,919,0,-999.0,-999.0,0.0,9999,9999.0,-79.2,20.8,200.0,10,328.63657739210953,-999.0,-999.0,0.0,9999,9999.0,1
779,929,0,-999.0,-999.0,0.0,9999,9999.0,-77.5,22.5,200.0,10,338.35188783277096,-999.0,-999.0,0.0,9999,9999.0,1
769,929,0,-999.0,-999.0,0.0,9999,9999.0,-76.8,23.2,200.0,10,684.1067168212866,-999.0,-999.0,0.0,9999,9999.0,1
759,929,0,-90.5,4.5,19.24,945,183.63550854886427,-78.5,21.5,200.0,10,334.24841061701403,-999.0,-999.0,0.0,9999,9999.0,0
759,919,0,-999.0,-999.0,0.0,9999,9999.0,-76.9,23.1,200.0,10,324.4102341172362,-999.0,-999.0,0.0,9999,9999.0,1
749,919,0,-999.0,-999.0,0.0,9999,9999.0,-72.1,27.9,200.0,10,322.7413825340655,-999.0,-999.0,0.0,9999,9999.0,1
739,919,0,-999.0,-999.0,0.0,9999,9999.0,-77.4,22.6,200.0,10,834.6747869679543,-999.0,-999.0,0.0,9999,9999.0,1
749,919,1,-999.0,-999.0,0.0,9999,9999.0,-78.2,21.8,200.0,10,322.7413825340655,-999.0,-999.0,0.0,9999,9999.0,1
749,929,1,-999.0,-999.0,0.0,9999,9999.0,-78.4,21.6,200.0,10,332.62892237446823,-999.0,-999.0,0.0,9999,9999.0,1
739,929,0,-999.0,-999.0,0.0,9999,9999.0,-76.0,24.0,200.0,10,331.3034862478812,-999.0,-999.0,0.0,9999,9999.0,1
729,929,1,-999.0,-999.0,0.0,9999,9999.0,-76.9,23.1,200.0,10,330.2756424564185,-999.0,-999.0,0.0,9999,9999.0,1
729,919,1,-999.0,-999.0,0.0,9999,9999.0,-73.7,26.3,200.0,10,320.31546949843056,-999.0,-999.0,0.0,9999,9999.0,1
729,909,0,-999.0,-999.0,0.0,9999,9999.0,-80.4,19.6,200.0,10,310.35785796399614,-999.0,-999.0,0.0,9999,9999.0,1
719,909,0,-999.0,-999.0,0.0,9999,9999.0,-79.4,20.6,200.0,10,647.1800367749302,-999.0,-999.0,0.0,9999,9999.0,1
719,919,2,-999.0,-999.0,0.0,9999,9999.0,-73.4,26.6,200.0,10,319.5653297840678,-999.0,-999.0,0.0,9999,9999.0,1
719,929,2,-999.0,-999.0,0.0,9999,9999.0,-80.1,19.9,200.0,10,666.03453363921,-999.0,-999.0,0.0,9999,9999.0,1
719,939,1,-999.0,-999.0,0.0,9999,9999.0,-81.4,18.6,200.0,11,339.532030889576,-999.0,-999.0,0.0,9999,9999.0,1
709,939,0,-94.2,0.8,11.37,995,209.76653689280377,-81.5,18.5,200.0,11,339.1194479825656,-999.0,-999.0,0.0,9999,9999.0,0
699,939,0,-999.0,-999.0,0.0,9999,9999.0,-75.7,24.3,200.0,10,339.0014749230451,-999.0,-999.0,0.0,9999,9999.0,1
709,939,1,-999.0,-999.0,0.0,9999,9999.0,-78.0,22.0,200.0,10,339.1194479825656,-999.0,-999.0,0.0,9999,9999.0,1
719,939,0,-999.0,-999.0,0.0,9999,9999.0,-70.5,29.5,200.0,10,339.532030889576,-999.0,-999.0,0.0,9999,9999.0,1
709,939,0,-999.0,-999.0,0.0,9999,9999.0,-72.7,27.3,200.0,10,339.1194479825656,-999.0,-999.0,0.0,9999,9999.0,1
699,939,0,-999.0,-999.0,0.0,9999,9999.0,-80.4,19.6,200.0,10,669.2697512961422,-999.0,-999.0,0.0,9999,9999.0,1
709,939,0,-999.0,-999.0,0.0,9999,9999.0,-75.2,24.8,200.0,10,339.1194479825656,-999.0,-999.0,0.0,9999,9999.0,1
719,939,2,-999.0,-999.0,0.0,9999,9999.0,-78.2,21.8,200.0,10,339.532030889576,-999.0,-999.0,0.0,9999,9999.0,1
719,929,0,-999.0,-999.0,0.0,9999,9999.0,-71.1,28.9,200.0,10,329.548175537356,-999.0,-999.0,0.0,9999,9999.0,1
729,929,1,-999.0,-999.0,0.0,9999,9999.0,-74.3,25.7,200.0,10,330.2756424564185,-999.0,-999.0,0.0,9999,9999.0,1
729,919,0,-999.0,-999.0,0.0,9999,9999.0,-78.4,21.6,200.0,10,320.31546949843056,-999.0,-999.0,0.0,9999,9999.0,1
729,909,0,-999.0,-999.0,0.0,9999,9999.0,-74.3,25.7,200.0,10,310.35785796399614,-999.0,-999.0,0.0,9999,9999.0,1
739,909,0,-999.0,-999.0,0.0,9999,9999.0,-73.9,26.1,200.0,10,311.4514408378937,-999.0,-999.0,0.0,9999,9999.0,1
729,909,1,-999.0,-999.0,0.0,9999,9999.0,-80.3,19.7,200.0,10,310.35785796399614,-999.0,-999.0,0.0,9999,9999.0,1
739,909,0,-999.0,-999.0,0.0,9999,9999.0,-75.6,24.4,200.0,10,311.4514408378937,-999.0,-999.0,0.0,9999,9999.0,1
729,909,0,-999.0,-999.0,0.0,9999,9999.0,-77.1,22.9,200.0,10,310.35785796399614,-999.0,-999.0,0.0,9999,9999.0,1
729,899,0,-999.0,-999.0,0.0,9999,9999.0,-71.4,28.6,200.0,10,300.40306256761096,-999.0,-999.0,0.0,9999,9999.0,1
719,899,0,-999.0,-999.0,0.0,9999,9999.0,-77.7,22.3,200.0,10,637.778958574207,-999.0,-999.0,0.0,9999,9999.0,1
719,889,0,-999.0,-999.0,0.0,9999,9999.0,-76.1,23.9,200.0,10,289.62389404191083,-999.0,-999.0,0.0,9999,9999.0,1
719,879,0,-999.0,-999.0,0.0,9999,9999.0,-69.9,30.1,200.0,10,279.6462050520264,-999.0,-999.0,0.0,9999,9999.0,1
709,879,1,-999.0,-999.0,0.0,9999,9999.0,-75.8,24.2,200.0,10,279.1451235468748,-999.0,-999.0,0.0,9999,9999.0,1
719,879,2,-999.0,-999.0,0.0,9999,9999.0,-77.7,22.3,200.0,10,279.6462050520264,-999.0,-999.0,0.0,9999,9999.0,1
729,879,0,-999.0,-999.0,0.0,9999,9999.0,-80.6,19.4,200.0,10,280.5031194122447,-999.0,-999.0,0.0,9999,9999.0,1
729,869,0,-92.1,2.9,15.55,977,138.5712812959453,-72.0,28.0,200.0,10,270.55868125048215,-999.0,-999.0,0.0,9999,9999.0,0
719,869,0,-90.8,4.2,18.49,953,143.95138068111746,-68.9,31.1,200.0,10,269.67016891009655,-999.0,-999.0,0.0,9999,9999.0,0
719,859,0,-999.0,-999.0,0.0,9999,9999.0,-71.1,28.9,200.0,10,259.6959760951255,-999.0,-999.0,0.0,9999,9999.0,1
729,859,1,-999.0,-999.0,0.0,9999,9999.0,-77.5,22.5,200.0,10,260.6184951226601,-999.0,-999.0,0.0,9999,9999.0,1
729,849,1,-999.0,-999.0,0.0,9999,9999.0,-78.6,21.4,200.0,10,250.68306683938587,-89.0,1.0,1.17,990,101.20276676059801,1
719,849,1,-94.1,0.9,11.51,994,127.91403363196706,-66.7,33.3,200.0,10,249.72384747957094,-999.0,-999.0,0.0,9999,9999.0,1
719,859,0,-94.7,0.3,10.48,997,135.80132547217644,-72.5,27.5,200.0,10,259.6959760951255,-999.0,-999.0,0.0,9999,9999.0,0
709,859,1,-999.0,-999.0,0.0,9999,9999.0,-64.1,35.9,200.0,10,259.15632348063593,-999.0,-999.0,0.0,9999,9999.0,1
699,859,1,-94.5,0.5,10.84,996,148.60013458944107,-74.3,25.7,200.0,10,259.0019304947359,-999.0,-999.0,0.0,9999,9999.0,1
699,849,0,-999.0,-999.0,0.0,9999,9999.0,-70.4,29.6,200.0,10,249.0020080240318,-999.0,-999.0,0.0,9999,9999.0,1
709,849,1,-85.8,9.2,32.07,608,134.46932735757994,-63.6,36.4,200.0,10,249.1625975141534,-999.0,-999.0,0.0,9999,9999.0,1
709,859,0,-999.0,-999.0,0.0,9999,9999.0,-82.4,17.6,200.0,11,596.7930964748168,-999.0,-999.0,0.0,9999,9999.0,1
709,849,0,-93.2,1.8,13.2,989,134.46932735757994,-78.2,21.8,200.0,10,249.1625975141534,-86.7,3.3,1.64,934,107.15409464878138,2
709,859,0,-999.0,-999.0,0.0,9999,9999.0,-67.7,32.3,200.0,10,259.15632348063593,-999.0,-999.0,0.0,9999,9999.0,1
709,869,0,-999.0,-999.0,0.0,9999,9999.0,-72.1,27.9,200.0,10,269.15051551130273,-88.7,1.3,1.23,986,125.86500705120545,2
719,869,0,-999.0,-999.0,0.0,9999,9999.0,-74.4,25.6,200.0,10,269.67016891009655,-999.0,-999.0,0.0,9999,9999.0,1
729,869,1,-93.0,2.0,13.66,987,138.5712812959453,-73.5,26.5,200.0,10,270.55868125048215,-999.0,-999.0,0.0,9999,9999.0,1
739,869,1,-94.6,0.4,10.72,996,133.7235955244997,-77.9,22.1,200.0,10,271.8124353299532,-999.0,-999.0,0.0,9999,9999.0,1
749,869,0,-999.0,-999.0,0.0,9999,9999.0,-71.8,28.2,200.0,10,273.4264069178396,-999.0,-999.0,0.0,9999,9999.0,1
749,879,2,-93.9,1.1,12.01,993,138.7155362603627,-74.0,26.0,200.0,10,283.2701890421934,-999.0,-999.0,0.0,9999,9999.0,1
749,889,0,-999.0,-999.0,0.0,9999,9999.0,-72.9,27.1,200.0,10,293.1245469079654,-999.0,-999.0,0.0,9999,9999.0,1
739,889,0,-999.0,-999.0,0.0,9999,9999.0,-79.9,20.1,200.0,10,291.61961525247233,-999.0,-999.0,0.0,9999,9999.0,1
739,879,2,-999.0,-999.0,0.0,9999,9999.0,-81.8,18.2,200.0,11,626.3880586345816,-999.0,-999.0,0.0,9999,9999.0,1
739,869,0,-91.9,3.1,16.11,973,133.7235955244997,-78.5,21.5,200.0,10,271.8124353299532,-999.0,-999.0,0.0,9999,9999.0,0
729,869,0,-999.0,-999.0,0.0,9999,9999.0,-77.1,22.9,200.0,10,270.55868125048215,-999.0,-999.0,0.0,9999,9999.0,1
719,869,0,-91.4,3.6,17.08,966,143.95138068111746,-73.8,26.2,200.0,10,269.67016891009655,-999.0,-999.0,0.0,9999,9999.0,0
719,859,0,-94.7,0.3,10.54,997,135.80132547217644,-71.4,28.6,200.0,10,259.6959760951255,-999.0,-999.0,0.0,9999,9999.0,0
719,869,0,-999.0,-999.0,0.0,9999,9999.0,-80.6,19.4,200.0,10,269.67016891009655,-999.0,-999.0,0.0,9999,9999.0,1
719,859,0,-93.7,1.3,12.27,992,135.80132547217644,-74.6,25.4,200.0,10,259.6959760951255,-89.1,0.9,1.15,992,113.3225485064645,2
719,869,0,-93.8,1.2,12.14,992,143.95138068111746,-80.6,19.4,200.0,10,269.67016891009655,-999.0,-999.0,0.0,9999,9999.0,0
719,879,2,-999.0,-999.0,0.0,9999,9999.0,-71.5,28.5,200.0,10,279.6462050520264,-999.0,-999.0,0.0,9999,9999.0,1
719,889,1,-999.0,-999.0,0.0,9999,9999.0,-82.0,18.0,200.0,11,289.62389404191083,-999.0,-999.0,0.0,9999,9999.0,1
709,889,0,-999.0,-999.0,0.0,9999,9999.0,-79.7,20.3,200.0,10,289.1401044476535,-999.0,-999.0,0.0,9999,9999.0,1
709,879,1,-90.4,4.6,19.56,942,157.8670326572334,-67.0,33.0,200.0,10,279.1451235468748,-999.0,-999.0,0.0,9999,9999.0,1
709,889,0,-999.0,-999.0,0.0,9999,9999.0,-72.0,28.0,200.0,10,289.1401044476535,-999.0,-999.0,0.0,9999,9999.0,1
719,889,0,-999.0,-999.0,0.0,9999,9999.0,-82.1,17.9,200.0,11,289.62389404191083,-999.0,-999.0,0.0,9999,9999.0,1
709,889,1,-999.0,-999.0,0.0,9999,9999.0,-74.9,25.1,200.0,10,289.1401044476535,-999.0,-999.0,0.0,9999,9999.0,1
709,879,0,-999.0,-999.0,0.0,9999,9999.0,-80.1,19.9,200.0,10,279.1451235468748,-999.0,-999.0,0.0,9999,9999.0,1
709,889,0,-999.0,-999.0,0.0,9999,9999.0,-68.5,31.5,200.0,10,289.1401044476535,-999.0,-999.0,0.0,9999,9999.0,1
709,879,0,-999.0,-999.0,0.0,9999,9999.0,-80.4,19.6,200.0,10,279.1451235468748,-999.0,-999.0,0.0,9999,9999.0,1
709,869,1,-93.4,1.6,12.95,990,149.80654191322887,-69.8,30.2,200.0,10,269.15051551130273,-999.0,-999.0,0.0,9999,9999.0,1
699,869,2,-999.0,-999.0,0.0,9999,9999.0,-73.4,26.6,200.0,10,269.0018587296378,-999.0,-999.0,0.0,9999,9999.0,1
699,859,0,-92.6,2.4,14.52,983,148.60013458944107,-78.0,22.0,200.0,10,259.0019304947359,-999.0,-999.0,0.0,9999,9999.0,0
709,859,0,-91.5,3.5,16.89,968,141.9929575718458,-80.7,19.3,200.0,10,259.15632348063593,-999.0,-999.0,0.0,9999,9999.0,0
709,849,2,-999.0,-999.0,0.0,9999,9999.0,-71.1,28.9,200.0,10,249.1625975141534,-89.9,0.1,1.02,1000,107.15409464878138,1
719,849,0,-91.0,4.0,18.08,958,127.91403363196706,-67.6,32.4,200.0,10,249.72384747957094,-88.8,1.2,1.22,987,103.74005976477939,2
729,849,0,-90.8,4.2,18.7,951,121.82774724995944,-70.3,29.7,200.0,10,250.68306683938587,-88.8,1.2,1.22,987,101.20276676059801,2
719,849,0,-91.7,3.3,16.57,970,127.91403363196706,-74.4,25.6,200.0,10,249.72384747957094,-999.0,-999.0,0.0,9999,9999.0,0
729,849,0,-93.0,2.0,13.7,987,121.82774724995944,-79.7,20.3,200.0,10,250.68306683938587,-88.5,1.5,1.28,982,101.20276676059801,2
719,849,0,-92.4,2.6,14.89,981,127.91403363196706,-76.9,23.1,200.0,10,249.72384747957094,-999.0,-999.0,0.0,9999,9999.0,0
729,849,1,-92.3,2.7,15.21,979,121.82774724995944,-75.1,24.9,200.0,10,250.68306683938587,-89.4,0.6,1.1,996,101.20276676059801,1
719,849,0,-91.2,3.8,17.75,960,127.91403363196706,-72.6,27.4,200.0,10,249.72384747957094,-999.0,-999.0,0.0,9999,9999.0,0
719,859,0,-999.0,-999.0,0.0,9999,9999.0,-74.1,25.9,200.0,10,259.6959760951255,-999.0,-999.0,0.0,9999,9999.0,1
719,849,0,-94.6,0.4,10.72,996,127.91403363196706,-73.5,26.5,200.0,10,249.72384747957094,-999.0,-999.0,0.0,9999,9999.0,0
719,859,0,-93.5,1.5,12.67,991,135.80132547217644,-81.0,19.0,200.0,10,259.6959760951255,-999.0,-999.0,0.0,9999,9999.0,0
709,859,1,-94.5,0.5,10.81,996,141.9929575718458,-76.6,23.4,200.0,10,259.15632348063593,-999.0,-999.0,0.0,9999,9999.0,1
719,859,0,-999.0,-999.0,0.0,9999,9999.0,-77.7,22.3,200.0,10,259.6959760951255,-999.0,-999.0,0.0,9999,9999.0,1
719,849,0,-999.0,-999.0,0.0,9999,9999.0,-58.1,41.9,200.0,10,249.72384747957094,-89.4,0.6,1.1,996,103.74005976477939,2
729,849,1,-93.3,1.7,13.14,989,121.82774724995944,-74.0,26.0,200.0,10,250.68306683938587,-88.0,2.0,1.37,972,101.20276676059801,1
729,839,0,-89.3,5.7,22.32,901,113.85077953180645,-71.8,28.2,200.0,10,240.75298544358697,-89.6,0.4,1.07,998,91.44397191723465,2
729,849,1,-93.2,1.8,13.3,988,121.82774724995944,-63.7,36.3,200.0,10,250.68306683938587,-89.2,0.8,1.14,993,101.20276676059801,1
739,849,0,-999.0,-999.0,0.0,9999,9999.0,-67.0,33.0,200.0,10,252.03571175529868,-999.0,-999.0,0.0,9999,9999.0,1
739,839,0,-84.0,11.0,37.65,382,107.89810007595129,-72.7,27.3,200.0,10,242.16110340019515,-89.8,0.2,1.03,1000,89.67719888578144,2
749,839,0,-90.2,4.8,20.04,936,102.57680049601859,-72.2,27.8,200.0,10,243.97130978867168,-86.8,3.2,1.62,937,89.00561780022652,2
749,829,0,-81.1,13.9,46.82,128,94.03190947758107,-67.9,32.1,200.0,10,234.18368858654523,-87.0,3.0,1.59,942,79.00632886041473,2
759,829,0,-86.2,8.8,31.13,646,89.00561780022652,-75.0,25.0,200.0,10,236.47832881682837,-87.1,2.9,1.57,946,79.51100552753688,2
759,839,0,-92.6,2.4,14.6,982,97.98979538707079,-74.8,25.2,200.0,10,246.1747346906258,-85.3,4.7,1.99,855,89.45389874119518,2
769,839,1,-88.5,6.5,24.56,855,94.2443632266673,-72.7,27.3,200.0,10,248.76092940813675,-999.0,-999.0,0.0,9999,9999.0,1
759,839,0,-84.6,10.4,35.84,453,97.98979538707079,-74.2,25.8,200.0,10,246.1747346906258,-87.5,2.5,1.47,961,89.45389874119518,2
769,839,1,-92.6,2.4,14.49,983,94.2443632266673,-77.5,22.5,200.0,10,248.76092940813675,-89.6,0.4,1.06,998,91.00549433962765,1
779,839,1,-90.0,5.0,20.53,929,91.44397191723465,-67.7,32.3,200.0,10,251.7180962902747,-999.0,-999.0,0.0,9999,9999.0,1
779,829,1,-87.3,7.7,27.74,767,81.74350127074322,-77.0,23.0,200.0,10,242.24367896810023,-86.5,3.5,1.68,926,84.15461959987698,1
779,819,0,-90.3,4.7,19.89,938,72.12489168102785,-70.4,29.6,200.0,10,232.81322986462774,-999.0,-999.0,0.0,9999,9999.0,0
769,819,0,-89.9,5.1,20.78,926,75.64390259630977,-73.2,26.8,200.0,10,229.61271741782946,-82.8,7.2,2.0,619,71.56814934033156,2
769,809,0,-71.4,23.6,78.59,6,66.64833081180653,-65.4,34.6,200.0,10,220.0954338463204,-82.4,7.6,2.0,565,61.98386886924694,2
769,799,0,-82.2,12.8,43.11,206,57.982756057296896,-78.1,21.9,200.0,10,210.62288574606512,-82.3,7.7,2.0,561,52.55473337388365,2
769,809,0,-80.6,14.4,48.28,105,66.64833081180653,-66.0,34.0,200.0,10,220.0954338463204,-85.4,4.6,1.96,864,61.98386886924694,2
769,799,0,-80.5,14.5,48.66,100,57.982756057296896,-72.0,28.0,200.0,10,210.62288574606512,-82.1,7.9,2.0,531,52.55473337388365,2
759,799,0,-85.6,9.4,32.82,578,63.89053137985315,-67.1,32.9,200.0,10,207.56203891848818,-85.6,4.4,1.92,875,49.8196748283246,2
759,809,2,-90.8,4.2,18.5,953,71.84705978674423,-77.5,22.5,200.0,10,217.168137626126,-86.2,3.8,1.76,912,59.682493245507096,1
749,809,1,-91.0,4.0,18.18,957,77.98717843338096,-74.2,25.8,200.0,10,214.66718426438635,-86.2,3.8,1.77,910,59.00847396772772,1
749,799,0,-86.4,8.6,30.51,670,70.7248188403477,-71.8,28.2,200.0,10,204.9438947614688,-83.0,7.0,2.0,640,49.01020301937138,2
739,799,0,-83.7,11.3,38.42,353,78.24321056807422,-72.5,27.5,200.0,10,202.7856010667424,-82.3,7.7,2.0,560,50.21951811795888,2
739,789,1,-85.8,9.2,32.13,606,72.40165743959182,-73.0,27.0,200.0,10,192.98186443290467,-81.9,8.1,2.0,508,40.52159917870962,1
739,779,0,-85.3,9.7,33.6,546,67.54257916307313,-60.4,39.6,200.0,10,183.19934497699495,-79.9,10.1,2.0,276,31.016124838541646,2
739,789,0,-82.2,12.8,43.41,199,72.40165743959182,-73.9,26.1,200.0,10,192.98186443290467,-77.5,12.5,2.0,114,40.52159917870962,2
729,789,0,-79.6,15.4,51.59,67,81.00617260431454,-64.2,35.8,200.0,10,191.21192431435858,-79.5,10.5,2.0,244,44.294469180700204,2
739,789,1,-88.0,7.0,25.94,820,72.40165743959182,-55.0,45.0,200.0,10,192.98186443290467,-80.8,9.2,2.0,375,40.52159917870962,1
739,779,0,-85.9,9.1,31.94,614,67.54257916307313,-64.1,35.9,200.0,10,183.19934497699495,-78.0,12.0,2.0,140,31.016124838541646,2
739,769,0,-87.0,8.0,28.73,735,63.89053137985315,-68.8,31.2,200.0,10,173.44163283364233,-73.3,16.7,2.0,32,21.95449840010015,2
729,769,0,-81.3,13.7,45.97,143,73.49829930005184,-72.3,27.7,200.0,10,171.47011401407536,-82.0,8.0,2.0,518,28.319604517012593,2
729,779,2,-79.7,15.3,51.34,70,76.69419795525604,-70.3,29.7,200.0,10,181.33394607739612,-78.4,11.6,2.0,162,35.805027579936315,0
739,779,0,-86.0,9.0,31.73,622,67.54257916307313,-70.1,29.9,200.0,10,183.19934497699495,-78.3,11.7,2.0,155,31.016124838541646,2
739,769,0,-81.4,13.6,45.68,149,63.89053137985315,-63.1,36.9,200.0,10,173.44163283364233,-75.0,15.0,2.0,48,21.95449840010015,2
729,769,0,-82.3,12.7,43.0,209,73.49829930005184,-66.4,33.6,200.0,10,171.47011401407536,-75.7,14.3,2.0,61,28.319604517012593,2
719,769,1,-83.7,11.3,38.42,353,83.19855767980596,-64.5,35.5,200.0,10,170.06469357276953,-79.6,10.4,2.0,248,36.359317925395686,1
719,759,0,-83.5,11.5,39.32,321,81.49846624323675,-64.8,35.2,200.0,10,160.13119621110684,-79.5,10.5,2.0,239,32.28002478313795,2
719,749,1,-81.8,13.2,44.65,170,81.00617260431454,-72.3,27.7,200.0,10,150.20652449211386,-73.5,16.5,2.0,34,31.016124838541646,1
729,749,0,-87.5,7.5,27.14,786,71.00704190430693,-73.5,26.5,200.0,10,151.79591562357663,-74.1,15.9,2.0,39,21.02379604162864,2
739,749,0,-83.1,11.9,40.55,280,61.00819617067857,-68.8,31.2,200.0,10,154.0194792875239,-67.7,22.3,2.0,20,11.045361017187261,2
739,739,0,-79.8,15.2,51.04,72,61.98386886924694,-64.9,35.1,200.0,10,144.3675863897433,-68.7,21.3,2.0,21,15.556349186104045,2
739,749,0,-85.4,9.6,33.42,553,61.00819617067857,-66.3,33.7,200.0,10,154.0194792875239,-66.1,23.9,2.0,20,11.045361017187261,2
739,759,2,-77.6,17.4,57.97,29,61.66036003787198,-68.8,31.2,200.0,10,163.71316379570703,-69.6,20.4,2.0,21,14.212670403551895,0
739,749,0,-79.3,15.7,52.41,60,61.00819617067857,-67.6,32.4,200.0,10,154.0194792875239,-66.6,23.4,2.0,20,11.045361017187261,2
739,739,1,-87.3,7.7,27.88,763,61.98386886924694,-65.9,34.1,200.0,10,144.3675863897433,-68.2,21.8,2.0,21,15.556349186104045,1
739,749,0,-80.2,14.8,49.54,89,61.00819617067857,-73.3,26.7,200.0,10,154.0194792875239,-65.3,24.7,2.0,20,11.045361017187261,2
749,749,0,-79.6,15.4,51.61,67,51.0098029794274,-66.1,33.9,200.0,10,156.85024705112835,-42.5,47.5,2.0,20,1.4142135623730951,2
759,749,0,-79.3,15.7,52.49,60,41.012193308819754,-67.1,32.9,200.0,10,160.25604512778918,-62.0,28.0,2.0,20,9.055385138137417,2
769,749,0,-80.7,14.3,48.08,108,31.016124838541646,-72.5,27.5,200.0,10,164.20109622045769,-72.9,17.1,2.0,30,19.026297590440446,2
769,739,0,-73.7,21.3,70.83,8,32.89376840679705,-62.0,38.0,200.0,10,155.18376203714098,-74.6,15.4,2.0,43,21.95449840010015,2
759,739,0,-77.8,17.2,57.45,31,42.44997055358225,-65.1,34.9,200.0,10,151.00331122197287,-71.3,18.7,2.0,24,14.212670403551895,2
749,739,1,-73.9,21.1,70.1,8,52.172789842982326,-57.4,42.6,200.0,10,147.38385257551113,-65.0,25.0,2.0,20,11.045361017187261,0
739,739,0,-81.4,13.6,45.73,148,61.98386886924694,-60.3,39.7,200.0,10,144.3675863897433,-65.6,24.4,2.0,20,15.556349186104045,2
749,739,0,-76.7,18.3,60.92,20,52.172789842982326,-66.5,33.5,200.0,10,147.38385257551113,-67.8,22.2,2.0,20,11.045361017187261,2
749,729,2,-77.8,17.2,57.44,31,55.154328932550705,-66.4,33.6,200.0,10,137.99275343292487,-74.1,15.9,2.0,38,21.02379604162864,0
749,719,0,-83.1,11.9,40.5,281,59.682493245507096,-56.9,43.1,200.0,10,128.69343417595164,-80.9,9.1,2.0,391,31.016124838541646,2
759,719,0,-82.1,12.9,43.67,192,51.40038910358559,-64.2,35.8,200.0,10,132.82319074619463,-81.5,8.5,2.0,452,32.28002478313795,2
749,719,0,-89.9,5.1,20.89,924,59.682493245507096,-68.9,31.1,200.0,10,128.69343417595164,-78.3,11.7,2.0,157,31.016124838541646,2
739,719,2,-999.0,-999.0,0.0,9999,9999.0,-59.0,41.0,200.0,10,125.22779244241272,-82.2,7.8,2.0,543,32.89376840679705,1
729,719,1,-82.6,12.4,41.95,237,77.47257579298626,-57.3,42.7,200.0,10,122.48265183282079,-75.9,14.1,2.0,64,37.44329045369811,1
719,719,1,-89.2,5.8,22.72,894,86.7294644281861,-66.0,34.0,200.0,10,120.50726119201282,-81.1,8.9,2.0,414,43.840620433565945,1
719,729,1,-83.9,11.1,37.91,372,83.67795408588812,-56.7,43.3,200.0,10,130.39171752837677,-78.6,11.4,2.0,174,37.44329045369811,1
719,739,0,-88.4,6.6,24.75,851,81.74350127074322,-68.2,31.8,200.0,10,140.29255147726127,-73.7,16.3,2.0,35,32.89376840679705,2
719,749,2,-83.8,11.2,38.26,359,81.00617260431454,-66.8,33.2,200.0,10,150.20652449211386,-75.9,14.1,2.0,65,31.016124838541646,2
719,759,2,-90.0,5.0,20.7,927,81.49846624323675,-70.7,29.3,200.0,10,160.13119621110684,-78.4,11.6,2.0,159,32.28002478313795,2
719,749,1,-87.3,7.7,27.96,760,81.00617260431454,-62.6,37.4,200.0,10,150.20652449211386,-77.5,12.5,2.0,116,31.016124838541646,1
709,749,0,-83.8,11.2,38.15,363,91.00549433962765,-67.7,32.3,200.0,10,149.27156460625713,-82.0,8.0,2.0,523,41.012193308819754,2
719,749,0,-89.6,5.4,21.48,915,81.00617260431454,-63.5,36.5,200.0,10,150.20652449211386,-78.0,12.0,2.0,138,31.016124838541646,2
729,749,0,-81.3,13.7,46.01,142,71.00704190430693,-69.8,30.2,200.0,10,151.79591562357663,-71.5,18.5,2.0,25,21.02379604162864,2
729,739,0,-82.8,12.2,41.37,254,71.84705978674423,-68.0,32.0,200.0,10,141.9929575718458,-74.2,15.8,2.0,39,23.706539182259394,2
739,739,0,-78.8,16.2,54.29,47,61.98386886924694,-62.6,37.4,200.0,10,144.3675863897433,-72.5,17.5,2.0,28,15.556349186104045,2
729,739,0,-78.9,16.1,53.73,50,71.84705978674423,-62.8,37.2,200.0,10,141.9929575718458,-75.8,14.2,2.0,63,23.706539182259394,2
719,739,0,-82.9,12.1,41.16,261,81.74350127074322,-63.8,36.2,200.0,10,140.29255147726127,-78.1,11.9,2.0,143,32.89376840679705,2
719,749,0,-93.6,1.4,12.42,991,81.00617260431454,-69.0,31.0,200.0,10,150.20652449211386,-78.6,11.4,2.0,174,31.016124838541646,2
719,739,1,-88.7,6.3,23.84,871,81.74350127074322,-61.3,38.7,200.0,10,140.29255147726127,-74.7,15.3,2.0,44,32.89376840679705,1
719,749,2,-81.5,13.5,45.53,151,81.00617260431454,-68.3,31.7,200.0,10,150.20652449211386,-77.5,12.5,2.0,114,31.016124838541646,0
719,759,1,-87.7,7.3,26.66,800,81.49846624323675,-65.7,34.3,200.0,10,160.13119621110684,-76.7,13.3,2.0,85,32.28002478313795,1
709,759,1,-94.1,0.9,11.49,994,91.44397191723465,-63.3,36.7,200.0,10,159.25451327984396,-80.0,10.0,2.0,287,41.97618372363071,1
719,759,1,-85.1,9.9,34.23,520,81.49846624323675,-68.0,32.0,200.0,10,160.13119621110684,-72.9,17.1,2.0,30,32.28002478313795,1
709,759,0,-91.7,3.3,16.51,971,91.44397191723465,-70.4,29.6,200.0,10,159.25451327984396,-78.9,11.1,2.0,191,41.97618372363071,2
709,769,1,-89.9,5.1,20.93,924,92.9623579735368,-70.2,29.8,200.0,10,169.23947530053383,-78.6,11.4,2.0,173,45.18849411078001,1
719,769,0,-82.5,12.5,42.34,227,83.19855767980596,-67.9,32.1,200.0,10,170.06469357276953,-76.4,13.6,2.0,77,36.359317925395686,2
719,779,0,-91.6,3.4,16.64,970,86.03487664894976,-77.7,22.3,200.0,10,180.00555546982432,-79.6,10.4,2.0,253,42.44997055358225,2
719,769,0,-90.5,4.5,19.25,945,83.19855767980596,-68.1,31.9,200.0,10,170.06469357276953,-77.2,12.8,2.0,104,36.359317925395686,2
729,769,0,-90.0,5.0,20.65,928,73.49829930005184,-66.0,34.0,200.0,10,171.47011401407536,-73.3,16.7,2.0,32,28.319604517012593,2
729,759,0,-85.1,9.9,34.42,512,71.56814934033156,-70.7,29.3,200.0,10,161.62301816263673,-72.9,17.1,2.0,30,22.847319317591726,2
739,759,1,-82.7,12.3,41.67,245,61.66036003787198,-75.4,24.6,200.0,10,163.71316379570703,-69.1,20.9,2.0,21,14.212670403551895,1
739,769,0,-78.9,16.1,53.68,51,63.89053137985315,-63.8,36.2,200.0,10,173.44163283364233,-73.5,16.5,2.0,34,21.95449840010015,2
739,779,0,-87.4,7.6,27.52,774,67.54257916307313,-66.7,33.3,200.0,10,183.19934497699495,-76.4,13.6,2.0,76,31.016124838541646,2
749,779,1,-86.1,8.9,31.25,641,58.66856057549052,-70.0,30.0,200.0,10,185.58555978308226,-78.9,11.1,2.0,197,29.017236257093817,1
749,769,0,-79.9,15.1,50.46,78,54.42425929675111,-66.2,33.8,200.0,10,175.96022277776305,-72.0,18.0,2.0,26,19.026297590440446,2
739,769,0,-85.2,9.8,34.13,524,63.89053137985315,-58.5,41.5,200.0,10,173.44163283364233,-75.3,14.7,2.0,53,21.95449840010015,2
739,779,0,-79.9,15.1,50.51,78,67.54257916307313,-73.1,26.9,200.0,10,183.19934497699495,-74.4,15.6,2.0,41,31.016124838541646,2
739,789,0,-84.8,10.2,35.27,477,72.40165743959182,-68.4,31.6,200.0,10,192.98186443290467,-76.4,13.6,2.0,77,40.52159917870962,2
749,789,2,-89.7,5.3,21.33,917,64.20280367709809,-76.4,23.6,200.0,10,195.24855953373896,-78.4,11.6,2.0,159,39.01281840626232,2
749,779,0,-79.7,15.3,51.3,70,58.66856057549052,-79.7,20.3,200.0,10,185.58555978308226,-76.0,14.0,2.0,68,29.017236257093817,2
739,779,0,-80.2,14.8,49.73,87,67.54257916307313,-69.5,30.5,200.0,10,183.19934497699495,-81.6,8.4,2.0,466,31.016124838541646,2
739,769,0,-87.6,7.4,27.05,789,63.89053137985315,-67.7,32.3,200.0,10,173.44163283364233,-72.0,18.0,2.0,26,21.95449840010015,2
729,769,1,-87.4,7.6,27.64,770,73.49829930005184,-61.5,38.5,200.0,10,171.47011401407536,-75.9,14.1,2.0,65,28.319604517012593,1
729,759,0,-87.3,7.7,27.9,762,71.56814934033156,-70.5,29.5,200.0,10,161.62301816263673,-70.5,19.5,2.0,23,22.847319317591726,2
729,769,2,-82.4,12.6,42.49,222,73.49829930005184,-73.3,26.7,200.0,10,171.47011401407536,-77.9,12.1,2.0,131,28.319604517012593,0
719,769,0,-86.0,9.0,31.5,631,83.19855767980596,-66.3,33.7,200.0,10,170.06469357276953,-83.4,6.6,2.0,688,36.359317925395686,2
709,769,0,-92.4,2.6,14.94,980,92.9623579735368,-68.9,31.1,200.0,10,169.23947530053383,-80.3,9.7,2.0,314,45.18849411078001,2
709,779,2,-83.1,11.9,40.48,282,95.50916186418976,-67.4,32.6,200.0,10,179.22611416866684,-85.5,4.5,1.93,873,50.21951811795888,0
719,779,2,-89.3,5.7,22.41,899,86.03487664894976,-66.5,33.5,200.0,10,180.00555546982432,-82.2,7.8,2.0,550,42.44997055358225,1
729,779,0,-87.0,8.0,28.6,739,76.69419795525604,-64.7,35.3,200.0,10,181.33394607739612,-80.0,10.0,2.0,287,35.805027579936315,2
729,789,1,-83.4,11.6,39.42,317,81.00617260431454,-66.1,33.9,200.0,10,191.21192431435858,-79.7,10.3,2.0,263,44.294469180700204,1
729,799,1,-84.7,10.3,35.61,463,86.2670273047588,-76.2,23.8,200.0,10,201.10196418732463,-82.4,7.6,2.0,569,53.31041174104736,1
719,799,2,-83.6,11.4,38.9,336,94.66784036831093,-65.6,34.4,200.0,10,199.90497742677644,-86.1,3.9,1.79,906,57.982756057296896,0
709,799,0,-999.0,-999.0,0.0,9999,9999.0,-66.1,33.9,200.0,10,199.2034136253694,-85.1,4.9,2.0,848,63.89053137985315,2
709,809,1,-999.0,-999.0,0.0,9999,9999.0,-72.3,27.7,200.0,10,209.19369015340783,-88.5,1.5,1.28,982,71.84705978674423,1
699,809,0,-92.5,2.5,14.79,981,116.9700816448377,-71.4,28.6,200.0,10,209.00239233080563,-84.7,5.3,2.0,813,77.98717843338096,2
699,819,0,-91.1,3.9,18.0,958,122.31925441237777,-74.6,25.4,200.0,10,219.00228309312212,-87.3,2.7,1.51,955,85.80209787645055,2
699,809,0,-999.0,-999.0,0.0,9999,9999.0,-77.0,23.0,200.0,10,546.5180692346777,-84.8,5.2,2.0,822,77.98717843338096,2
699,819,0,-999.0,-999.0,0.0,9999,9999.0,-67.3,32.7,200.0,10,219.00228309312212,-87.0,3.0,1.58,943,85.80209787645055,2
709,819,0,-999.0,-999.0,0.0,9999,9999.0,-76.3,23.7,200.0,10,219.18485349129398,-999.0,-999.0,0.0,9999,9999.0,1
699,819,0,-92.1,2.9,15.65,976,122.31925441237777,-70.9,29.1,200.0,10,219.00228309312212,-999.0,-999.0,0.0,9999,9999.0,0
709,819,0,-87.0,8.0,28.58,740,114.20157617125956,-72.9,27.1,200.0,10,219.18485349129398,-999.0,-999.0,0.0,9999,9999.0,0
709,809,1,-92.3,2.7,15.18,979,108.45275469069469,-68.5,31.5,200.0,10,209.19369015340783,-87.3,2.7,1.53,952,71.84705978674423,1
709,799,0,-92.4,2.6,14.9,981,103.3537614216338,-72.6,27.4,200.0,10,199.2034136253694,-86.1,3.9,1.8,903,63.89053137985315,2
709,809,2,-91.1,3.9,17.79,960,108.45275469069469,-69.1,30.9,200.0,10,209.19369015340783,-87.6,2.4,1.46,961,71.84705978674423,1
719,809,1,-93.2,1.8,13.34,988,100.20977996183805,-64.4,35.6,200.0,10,209.86185932655795,-85.5,4.5,1.94,870,66.64833081180653,1
719,799,1,-87.1,7.9,28.27,750,94.66784036831093,-63.6,36.4,200.0,10,199.90497742677644,-81.1,8.9,2.0,407,57.982756057296896,1
719,809,0,-89.9,5.1,20.78,926,100.20977996183805,-65.0,35.0,200.0,10,209.86185932655795,-84.6,5.4,2.0,807,66.64833081180653,2
719,799,1,-90.7,4.3,18.73,951,94.66784036831093,-72.1,27.9,200.0,10,199.90497742677644,-83.1,6.9,2.0,657,57.982756057296896,1
709,799,0,-89.9,5.1,20.9,924,103.3537614216338,-71.0,29.0,200.0,10,199.2034136253694,-89.1,0.9,1.15,992,63.89053137985315,2
709,809,1,-93.1,1.9,13.46,988,108.45275469069469,-66.4,33.6,200.0,10,209.19369015340783,-86.2,3.8,1.76,912,71.84705978674423,1
709,799,0,-86.4,8.6,30.51,670,103.3537614216338,-68.4,31.6,200.0,10,199.2034136253694,-88.1,1.9,1.35,975,63.89053137985315,2
719,799,0,-86.9,8.1,29.0,725,94.66784036831093,-66.6,33.4,200.0,10,199.90497742677644,-84.4,5.6,2.0,792,57.982756057296896,2
719,809,1,-88.3,6.7,24.98,845,100.20977996183805,-75.8,24.2,200.0,10,209.86185932655795,-85.5,4.5,1.94,869,66.64833081180653,1
729,809,1,-85.2,9.8,34.08,526,92.31467922275417,-69.2,30.8,200.0,10,211.00236965494014,-87.2,2.8,1.55,949,62.625873247404705,1
739,809,0,-89.4,5.6,22.15,904,84.86459803710851,-71.5,28.5,200.0,10,212.60761980700502,-85.9,4.1,1.83,896,60.01666435249463,2
729,809,1,-92.6,2.4,14.43,983,92.31467922275417,-68.7,31.3,200.0,10,211.00236965494014,-84.7,5.3,2.0,812,62.625873247404705,1
729,819,0,-84.1,10.9,37.19,399,99.00505037623081,-77.0,23.0,200.0,10,220.91174708466727,-81.5,8.5,2.0,455,72.12489168102785,2
719,819,0,-89.3,5.7,22.44,899,106.4048871058092,-76.1,23.9,200.0,10,219.8226557932553,-89.5,0.5,1.09,996,75.64390259630977,2
719,809,0,-93.8,1.2,12.19,992,100.20977996183805,-73.9,26.1,200.0,10,209.86185932655795,-83.8,6.2,2.0,725,66.64833081180653,2
719,819,0,-999.0,-999.0,0.0,9999,9999.0,-73.6,26.4,200.0,10,219.8226557932553,-86.2,3.8,1.77,908,75.64390259630977,2
719,809,0,-93.9,1.1,11.91,993,100.20977996183805,-65.8,34.2,200.0,10,209.86185932655795,-83.3,6.7,2.0,671,66.64833081180653,2
729,809,0,-89.2,5.8,22.62,896,92.31467922275417,-74.5,25.5,200.0,10,211.00236965494014,-87.9,2.1,1.4,969,62.625873247404705,2
719,809,2,-86.0,9.0,31.7,623,100.20977996183805,-76.1,23.9,200.0,10,209.86185932655795,-83.5,6.5,2.0,697,66.64833081180653,1
719,819,2,-86.3,8.7,30.63,665,106.4048871058092,-69.3,30.7,200.0,10,219.8226557932553,-85.1,4.9,2.0,846,75.64390259630977,1
719,829,0,-89.2,5.8,22.52,898,113.14592347937243,-74.3,25.7,200.0,10,229.78685776170926,-999.0,-999.0,0.0,9999,9999.0,0
729,829,1,-91.6,3.4,16.65,970,106.21675950620975,-67.4,32.6,200.0,10,230.82894099310857,-999.0,-999.0,0.0,9999,9999.0,1
739,829,1,-92.4,2.6,14.87,981,99.80981915623332,-73.1,26.9,200.0,10,232.29722340140012,-89.1,0.9,1.16,991,79.76214641043707,1
739,839,2,-999.0,-999.0,0.0,9999,9999.0,-70.5,29.5,200.0,10,242.16110340019515,-999.0,-999.0,0.0,9999,9999.0,1
739,829,1,-86.4,8.6,30.32,677,99.80981915623332,-66.7,33.3,200.0,10,232.29722340140012,-86.6,3.4,1.66,930,79.76214641043707,1
739,819,0,-88.4,6.6,24.72,851,92.09777413162601,-70.7,29.3,200.0,10,222.4454989429995,-84.0,6.0,2.0,750,69.87131027825369,2
749,819,1,-87.0,8.0,28.57,740,85.80209787645055,-77.1,22.9,200.0,10,224.4147945212169,-86.6,3.4,1.68,927,69.00724599634447,1
739,819,0,-88.2,6.8,25.42,834,92.09777413162601,-76.5,23.5,200.0,10,222.4454989429995,-84.5,5.5,2.0,794,69.87131027825369,2
739,809,0,-87.1,7.9,28.36,747,84.86459803710851,-72.4,27.6,200.0,10,212.60761980700502,-85.0,5.0,2.0,840,60.01666435249463,2
749,809,0,-92.7,2.3,14.38,983,77.98717843338096,-74.4,25.6,200.0,10,214.66718426438635,-84.9,5.1,2.0,833,59.00847396772772,2
759,809,1,-84.6,10.4,35.73,458,71.84705978674423,-72.5,27.5,200.0,10,217.168137626126,-85.6,4.4,1.9,880,59.682493245507096,1
759,819,0,-88.0,7.0,25.9,821,80.26207074328447,-74.6,25.4,200.0,10,226.80828909014767,-86.3,3.7,1.74,915,69.58448102845921,2
759,829,2,-84.5,10.5,36.02,446,89.00561780022652,-70.4,29.6,200.0,10,236.47832881682837,-87.4,2.6,1.5,955,79.51100552753688,1
749,829,0,-999.0,-999.0,0.0,9999,9999.0,-67.2,32.8,200.0,10,234.18368858654523,-88.2,1.8,1.33,976,79.00632886041473,2
749,839,0,-88.8,6.2,23.6,876,102.57680049601859,-74.6,25.4,200.0,10,243.97130978867168,-89.0,1.0,1.18,990,89.00561780022652,2
739,839,1,-88.4,6.6,24.65,853,107.89810007595129,-72.9,27.1,200.0,10,242.16110340019515,-88.9,1.1,1.2,988,89.67719888578144,1
739,829,0,-86.2,8.8,31.16,645,99.80981915623332,-75.3,24.7,200.0,10,232.29722340140012,-90.0,-999.0,1.01,1001,79.76214641043707,2
729,829,2,-85.7,9.3,32.61,587,106.21675950620975,-68.2,31.8,200.0,10,230.82894099310857,-999.0,-999.0,0.0,9999,9999.0,1
719,829,2,-86.8,8.2,29.24,717,113.14592347937243,-75.0,25.0,200.0,10,229.78685776170926,-87.6,2.4,1.44,963,84.86459803710851,1
709,829,0,-91.6,3.4,16.69,969,120.50726119201282,-78.8,21.2,200.0,10,568.7899436523118,-999.0,-999.0,0.0,9999,9999.0,0
709,839,0,-999.0,-999.0,0.0,9999,9999.0,-73.5,26.5,200.0,10,239.1693960355296,-87.4,2.6,1.5,955,97.98979538707079,2
719,839,2,-999.0,-999.0,0.0,9999,9999.0,-66.8,33.2,200.0,10,239.75404063331237,-88.1,1.9,1.35,974,94.2443632266673,1
719,849,1,-91.1,3.9,17.94,959,127.91403363196706,-71.6,28.4,200.0,10,249.72384747957094,-999.0,-999.0,0.0,9999,9999.0,1
719,859,0,-999.0,-999.0,0.0,9999,9999.0,-71.8,28.2,200.0,10,259.6959760951255,-999.0,-999.0,0.0,9999,9999.0,1
729,859,0,-999.0,-999.0,0.0,9999,9999.0,-77.7,22.3,200.0,10,260.6184951226601,-999.0,-999.0,0.0,9999,9999.0,1
739,859,0,-999.0,-999.0,0.0,9999,9999.0,-77.9,22.1,200.0,10,261.9198350640898,-999.0,-999.0,0.0,9999,9999.0,1
749,859,0,-88.0,7.0,25.84,823,120.34118164618461,-74.5,25.5,200.0,10,263.59438537267823,-86.2,3.8,1.78,908,109.00458705944443,2
759,859,1,-999.0,-999.0,0.0,9999,9999.0,-77.3,22.7,200.0,10,616.0860329531907,-89.6,0.4,1.07,997,109.37092849564732,1
769,859,0,-84.8,10.2,35.22,479,113.3225485064645,-69.2,30.8,200.0,10,268.0335799857921,-999.0,-999.0,0.0,9999,9999.0,0
779,859,0,-87.1,7.9,28.42,745,111.00450441310929,-76.0,24.0,200.0,10,270.78035379251577,-999.0,-999.0,0.0,9999,9999.0,0
789,859,0,-84.4,10.6,36.5,427,109.55363982999378,-74.2,25.8,200.0,10,273.86493021195685,-999.0,-999.0,0.0,9999,9999.0,0
799,859,1,-92.7,2.3,14.33,984,109.00458705944443,-74.2,25.8,200.0,10,277.2760357477725,-999.0,-999.0,0.0,9999,9999.0,1
799,849,0,-89.4,5.6,22.05,906,99.00505037623081,-75.9,24.1,200.0,10,267.9589520803513,-999.0,-999.0,0.0,9999,9999.0,0
799,859,0,-92.9,2.1,13.85,986,109.00458705944443,-80.8,19.2,200.0,10,277.2760357477725,-999.0,-999.0,0.0,9999,9999.0,0
809,859,0,-92.8,2.2,14.08,985,109.37092849564732,-72.9,27.1,200.0,10,281.00177935379696,-999.0,-999.0,0.0,9999,9999.0,0
819,859,1,-999.0,-999.0,0.0,9999,9999.0,-75.8,24.2,200.0,10,285.02982300103264,-999.0,-999.0,0.0,9999,9999.0,1
829,859,0,-999.0,-999.0,0.0,9999,9999.0,-77.0,23.0,200.0,10,289.34754189382704,-999.0,-999.0,0.0,9999,9999.0,1
829,869,0,-999.0,-999.0,0.0,9999,9999.0,-80.3,19.7,200.0,10,657.268590455987,-999.0,-999.0,0.0,9999,9999.0,1
839,869,0,-999.0,-999.0,0.0,9999,9999.0,-79.8,20.2,200.0,10,771.4155819012213,-999.0,-999.0,0.0,9999,9999.0,1
839,859,2,-94.0,1.0,11.79,993,115.76700738984316,-74.1,25.9,200.0,10,293.9421711833809,-999.0,-999.0,0.0,9999,9999.0,1
849,859,1,-93.1,1.9,13.48,987,119.50732195141852,-72.1,27.9,200.0,10,298.8009370801906,-999.0,-999.0,0.0,9999,9999.0,1
849,869,0,-90.8,4.2,18.72,951,128.69343417595164,-81.0,19.0,200.0,10,307.5093494513622,-999.0,-999.0,0.0,9999,9999.0,0
849,879,0,-93.4,1.6,12.93,990,137.99275343292487,-75.8,24.2,200.0,10,316.2941668763431,-999.0,-999.0,0.0,9999,9999.0,0
859,879,1,-93.0,2.0,13.78,986,141.85203558638133,-71.8,28.2,200.0,10,321.1261434389919,-999.0,-999.0,0.0,9999,9999.0,1
869,879,0,-999.0,-999.0,0.0,9999,9999.0,-76.1,23.9,200.0,10,326.1931942882929,-999.0,-999.0,0.0,9999,9999.0,1
879,879,2,-999.0,-999.0,0.0,9999,9999.0,-73.7,26.3,200.0,10,331.48453960931573,-999.0,-999.0,0.0,9999,9999.0,1
889,879,0,-999.0,-999.0,0.0,9999,9999.0,-75.8,24.2,200.0,10,336.989614083283,-999.0,-999.0,0.0,9999,9999.0,1
889,889,2,-999.0,-999.0,0.0,9999,9999.0,-83.4,16.6,200.0,13,345.3143495425581,-999.0,-999.0,0.0,9999,9999.0,1
899,889,0,-999.0,-999.0,0.0,9999,9999.0,-84.2,15.8,200.0,14,350.88744634141585,-999.0,-999.0,0.0,9999,9999.0,1
909,889,1,-999.0,-999.0,0.0,9999,9999.0,-77.1,22.9,200.0,10,356.65389385228923,-999.0,-999.0,0.0,9999,9999.0,1
899,889,0,-999.0,-999.0,0.0,9999,9999.0,-71.3,28.7,200.0,10,350.88744634141585,-999.0,-999.0,0.0,9999,9999.0,1
889,889,2,-999.0,-999.0,0.0,9999,9999.0,-73.9,26.1,200.0,10,345.3143495425581,-999.0,-999.0,0.0,9999,9999.0,1
889,899,0,-91.5,3.5,17.02,967,173.55690709389816,-74.7,25.3,200.0,10,353.7258825701054,-999.0,-999.0,0.0,9999,9999.0,0
899,899,2,-95.0,-999.0,10.03,998,178.89102828258325,-79.1,20.9,200.0,10,359.1684841407999,-999.0,-999.0,0.0,9999,9999.0,1
899,909,0,-91.9,3.1,15.98,974,187.3018953454556,-78.9,21.1,200.0,10,728.067304581108,-999.0,-999.0,0.0,9999,9999.0,0
899,919,1,-999.0,-999.0,0.0,9999,9999.0,-80.5,19.5,200.0,10,375.981382517805,-999.0,-999.0,0.0,9999,9999.0,1
899,909,0,-999.0,-999.0,0.0,9999,9999.0,-82.6,17.4,200.0,12,809.0006180467354,-999.0,-999.0,0.0,9999,9999.0,1
909,909,0,-999.0,-999.0,0.0,9999,9999.0,-75.8,24.2,200.0,10,373.04423330216486,-999.0,-999.0,0.0,9999,9999.0,1
909,919,1,-999.0,-999.0,0.0,9999,9999.0,-79.4,20.6,200.0,10,381.36858811391375,-999.0,-999.0,0.0,9999,9999.0,1
909,929,1,-999.0,-999.0,0.0,9999,9999.0,-80.1,19.9,200.0,10,389.7717280665698,-999.0,-999.0,0.0,9999,9999.0,1
899,929,2,-999.0,-999.0,0.0,9999,9999.0,-75.2,24.8,200.0,10,384.50227567597045,-999.0,-999.0,0.0,9999,9999.0,1
899,939,1,-999.0,-999.0,0.0,9999,9999.0,-74.9,25.1,200.0,10,393.0928643463272,-999.0,-999.0,0.0,9999,9999.0,1
899,929,0,-999.0,-999.0,0.0,9999,9999.0,-72.6,27.4,200.0,10,384.50227567597045,-999.0,-999.0,0.0,9999,9999.0,1
899,919,0,-999.0,-999.0,0.0,9999,9999.0,-83.2,16.8,200.0,12,375.981382517805,-999.0,-999.0,0.0,9999,9999.0,1
889,919,1,-999.0,-999.0,0.0,9999,9999.0,-80.5,19.5,200.0,10,731.0827586532184,-999.0,-999.0,0.0,9999,9999.0,1
899,919,1,-999.0,-999.0,0.0,9999,9999.0,-81.8,18.2,200.0,11,375.981382517805,-999.0,-999.0,0.0,9999,9999.0,1
889,919,0,-999.0,-999.0,0.0,9999,9999.0,-79.3,20.7,200.0,10,370.78565236535246,-999.0,-999.0,0.0,9999,9999.0,1
889,929,1,-999.0,-999.0,0.0,9999,9999.0,-79.2,20.8,200.0,10,379.4232465202943,-999.0,-999.0,0.0,9999,9999.0,1
889,919,2,-999.0,-999.0,0.0,9999,9999.0,-84.5,15.5,200.0,15,370.78565236535246,-999.0,-999.0,0.0,9999,9999.0,1
879,919,0,-999.0,-999.0,0.0,9999,9999.0,-73.6,26.4,200.0,10,365.78955698598065,-999.0,-999.0,0.0,9999,9999.0,1
889,919,1,-999.0,-999.0,0.0,9999,9999.0,-80.7,19.3,200.0,10,370.78565236535246,-999.0,-999.0,0.0,9999,9999.0,1
899,919,1,-999.0,-999.0,0.0,9999,9999.0,-78.7,21.3,200.0,10,375.981382517805,-999.0,-999.0,0.0,9999,9999.0,1
889,919,1,-999.0,-999.0,0.0,9999,9999.0,-83.0,17.0,200.0,12,370.78565236535246,-999.0,-999.0,0.0,9999,9999.0,1
889,909,0,-999.0,-999.0,0.0,9999,9999.0,-80.5,19.5,200.0,10,362.2181663031273,-999.0,-999.0,0.0,9999,9999.0,1
889,899,1,-999.0,-999.0,0.0,9999,9999.0,-75.9,24.1,200.0,10,353.7258825701054,-999.0,-999.0,0.0,9999,9999.0,1
879,899,0,-999.0,-999.0,0.0,9999,9999.0,-80.7,19.3,200.0,10,348.4852938073571,-999.0,-999.0,0.0,9999,9999.0,1
869,899,0,-94.4,0.6,10.99,996,164.20109622045769,-75.7,24.3,200.0,10,343.45596515419555,-999.0,-999.0,0.0,9999,9999.0,0
879,899,2,-999.0,-999.0,0.0,9999,9999.0,-83.2,16.8,200.0,12,348.4852938073571,-999.0,-999.0,0.0,9999,9999.0,1
879,909,1,-94.8,0.2,10.38,997,177.54436065389405,-79.3,20.7,200.0,10,357.1022262602125,-999.0,-999.0,0.0,9999,9999.0,1
879,899,2,-999.0,-999.0,0.0,9999,9999.0,-77.8,22.2,200.0,10,348.4852938073571,-999.0,-999.0,0.0,9999,9999.0,1
889,899,0,-999.0,-999.0,0.0,9999,9999.0,-80.3,19.7,200.0,10,353.7258825701054,-999.0,-999.0,0.0,9999,9999.0,1
899,899,2,-90.9,4.1,18.31,955,178.89102828258325,-78.5,21.5,200.0,10,359.1684841407999,-999.0,-999.0,0.0,9999,9999.0,1
909,899,0,-89.6,5.4,21.55,914,184.6131089603336,-82.5,17.5,200.0,11,364.80405699498465,-999.0,-999.0,0.0,9999,9999.0,0
899,899,1,-999.0,-999.0,0.0,9999,9999.0,-80.9,19.1,200.0,10,359.1684841407999,-999.0,-999.0,0.0,9999,9999.0,1
899,909,1,-999.0,-999.0,0.0,9999,9999.0,-71.3,28.7,200.0,10,367.535032343857,-999.0,-999.0,0.0,9999,9999.0,1
889,909,0,-999.0,-999.0,0.0,9999,9999.0,-82.4,17.6,200.0,11,362.2181663031273,-999.0,-999.0,0.0,9999,9999.0,1
889,919,0,-999.0,-999.0,0.0,9999,9999.0,-80.4,19.6,200.0,10,370.78565236535246,-999.0,-999.0,0.0,9999,9999.0,1
899,919,0,-999.0,-999.0,0.0,9999,9999.0,-78.7,21.3,200.0,10,375.981382517805,-999.0,-999.0,0.0,9999,9999.0,1
909,919,1,-999.0,-999.0,0.0,9999,9999.0,-71.3,28.7,200.0,10,381.36858811391375,-999.0,-999.0,0.0,9999,9999.0,1
909,929,0,-999.0,-999.0,0.0,9999,9999.0,-74.5,25.5,200.0,10,389.7717280665698,-999.0,-999.0,0.0,9999,9999.0,1
909,919,1,-999.0,-999.0,0.0,9999,9999.0,-78.5,21.5,200.0,10,381.36858811391375,-999.0,-999.0,0.0,9999,9999.0,1
899,919,2,-94.8,0.2,10.39,997,195.86219645454813,-73.8,26.2,200.0,10,375.981382517805,-999.0,-999.0,0.0,9999,9999.0,1
899,929,1,-999.0,-999.0,0.0,9999,9999.0,-75.1,24.9,200.0,10,384.50227567597045,-999.0,-999.0,0.0,9999,9999.0,1
909,929,0,-999.0,-999.0,0.0,9999,9999.0,-80.9,19.1,200.0,10,389.7717280665698,-999.0,-999.0,0.0,9999,9999.0,1
909,919,1,-999.0,-999.0,0.0,9999,9999.0,-83.4,16.6,200.0,13,741.9177852026463,-999.0,-999.0,0.0,9999,9999.0,1
899,919,0,-999.0,-999.0,0.0,9999,9999.0,-80.6,19.4,200.0,10,375.981382517805,-999.0,-999.0,0.0,9999,9999.0,1
889,919,0,-999.0,-999.0,0.0,9999,9999.0,-74.9,25.1,200.0,10,370.78565236535246,-999.0,-999.0,0.0,9999,9999.0,1
899,919,1,-999.0,-999.0,0.0,9999,9999.0,-83.2,16.8,200.0,12,375.981382517805,-999.0,-999.0,0.0,9999,9999.0,1
899,929,0,-999.0,-999.0,0.0,9999,9999.0,-81.1,18.9,200.0,10,384.50227567597045,-999.0,-999.0,0.0,9999,9999.0,1
899,939,0,-999.0,-999.0,0.0,9999,9999.0,-77.6,22.4,200.0,10,393.0928643463272,-999.0,-999.0,0.0,9999,9999.0,1
899,949,0,-999.0,-999.0,0.0,9999,9999.0,-78.2,21.8,200.0,10,401.7486776580603,-999.0,-999.0,0.0,9999,9999.0,1
899,959,1,-999.0,-999.0,0.0,9999,9999.0,-73.1,26.9,200.0,10,410.4655893007354,-999.0,-999.0,0.0,9999,9999.0,1
899,949,0,-999.0,-999.0,0.0,9999,9999.0,-75.8,24.2,200.0,10,401.7486776580603,-999.0,-999.0,0.0,9999,9999.0,1
899,959,0,-999.0,-999.0,0.0,9999,9999.0,-79.9,20.1,200.0,10,410.4655893007354,-999.0,-999.0,0.0,9999,9999.0,1
899,969,0,-999.0,-999.0,0.0,9999,9999.0,-80.7,19.3,200.0,10,419.2397881880965,-999.0,-999.0,0.0,9999,9999.0,1
899,979,1,-999.0,-999.0,0.0,9999,9999.0,-79.7,20.3,200.0,10,428.0677516468626,-999.0,-999.0,0.0,9999,9999.0,1
899,989,1,-999.0,-999.0,0.0,9999,9999.0,-80.6,19.4,200.0,10,436.946220947155,-999.0,-999.0,0.0,9999,9999.0,1
889,989,0,-999.0,-999.0,0.0,9999,9999.0,-83.0,17.0,200.0,12,889.0680513886437,-999.0,-999.0,0.0,9999,9999.0,1
889,999,0,-999.0,-999.0,0.0,9999,9999.0,-80.3,19.7,200.0,10,441.4997168742014,-999.0,-999.0,0.0,9999,9999.0,1
899,999,0,-999.0,-999.0,0.0,9999,9999.0,-80.4,19.6,200.0,10,445.8721789930383,-999.0,-999.0,0.0,9999,9999.0,1
889,999,0,-999.0,-999.0,0.0,9999,9999.0,-72.5,27.5,200.0,10,441.4997168742014,-999.0,-999.0,0.0,9999,9999.0,1
889,999,0,-999.0,-999.0,0.0,9999,9999.0,-79.5,20.5,200.0,10,441.4997168742014,-999.0,-999.0,0.0,9999,9999.0,1
889,989,2,-999.0,-999.0,0.0,9999,9999.0,-83.0,17.0,200.0,12,432.4835256978004,-999.0,-999.0,0.0,9999,9999.0,1
889,979,0,-999.0,-999.0,0.0,9999,9999.0,-84.2,15.8,200.0,14,423.5115110596169,-999.0,-999.0,0.0,9999,9999.0,1
899,979,0,-999.0,-999.0,0.0,9999,9999.0,-83.3,16.7,200.0,12,428.0677516468626,-999.0,-999.0,0.0,9999,9999.0,1
899,969,0,-999.0,-999.0,0.0,9999,9999.0,-80.3,19.7,200.0,10,419.2397881880965,-999.0,-999.0,0.0,9999,9999.0,1
889,969,0,-999.0,-999.0,0.0,9999,9999.0,-82.7,17.3,200.0,12,414.5865410261168,-999.0,-999.0,0.0,9999,9999.0,1
899,969,1,-999.0,-999.0,0.0,9999,9999.0,-73.2,26.8,200.0,10,419.2397881880965,-999.0,-999.0,0.0,9999,9999.0,1
909,969,0,-999.0,-999.0,0.0,9999,9999.0,-77.7,22.3,200.0,10,424.07782304666677,-999.0,-999.0,0.0,9999,9999.0,1
919,969,0,-999.0,-999.0,0.0,9999,9999.0,-76.3,23.7,200.0,10,429.0943952092593,-999.0,-999.0,0.0,9999,9999.0,1
919,959,1,-999.0,-999.0,0.0,9999,9999.0,-80.3,19.7,200.0,10,420.52586127371524,-999.0,-999.0,0.0,9999,9999.0,1
919,949,1,-999.0,-999.0,0.0,9999,9999.0,-69.1,30.9,200.0,10,412.0218440811118,-999.0,-999.0,0.0,9999,9999.0,1
909,949,1,-999.0,-999.0,0.0,9999,9999.0,-75.4,24.6,200.0,10,406.79478856052225,-999.0,-999.0,0.0,9999,9999.0,1
919,949,1,-999.0,-999.0,0.0,9999,9999.0,-81.9,18.1,200.0,11,412.0218440811118,-999.0,-999.0,0.0,9999,9999.0,1
919,939,1,-999.0,-999.0,0.0,9999,9999.0,-78.6,21.4,200.0,10,403.58642197180023,-999.0,-999.0,0.0,9999,9999.0,1
909,939,0,-999.0,-999.0,0.0,9999,9999.0,-78.2,21.8,200.0,10,398.2486660366862,-999.0,-999.0,0.0,9999,9999.0,1
919,939,0,-999.0,-999.0,0.0,9999,9999.0,-77.9,22.1,200.0,10,403.58642197180023,-999.0,-999.0,0.0,9999,9999.0,1
909,939,0,-999.0,-999.0,0.0,9999,9999.0,-86.1,13.9,200.0,21,398.2486660366862,-999.0,-999.0,0.0,9999,9999.0,1
899,939,1,-999.0,-999.0,0.0,9999,9999.0,-77.2,22.8,200.0,10,393.0928643463272,-999.0,-999.0,0.0,9999,9999.0,1
899,949,0,-999.0,-999.0,0.0,9999,9999.0,-78.9,21.1,200.0,10,401.7486776580603,-999.0,-999.0,0.0,9999,9999.0,1
899,939,2,-999.0,-999.0,0.0,9999,9999.0,-84.6,15.4,200.0,15,393.0928643463272,-999.0,-999.0,0.0,9999,9999.0,1
899,929,2,-999.0,-999.0,0.0,9999,9999.0,-83.4,16.6,200.0,12,384.50227567597045,-999.0,-999.0,0.0,9999,9999.0,1
899,939,1,-999.0,-999.0,0.0,9999,9999.0,-82.4,17.6,200.0,11,393.0928643463272,-999.0,-999.0,0.0,9999,9999.0,1
889,939,1,-999.0,-999.0,0.0,9999,9999.0,-75.5,24.5,200.0,10,748.0922403019564,-999.0,-999.0,0.0,9999,9999.0,1
889,929,0,-999.0,-999.0,0.0,9999,9999.0,-70.6,29.4,200.0,10,379.4232465202943,-999.0,-999.0,0.0,9999,9999.0,1
899,929,0,-999.0,-999.0,0.0,9999,9999.0,-78.1,21.9,200.0,10,384.50227567597045,-999.0,-999.0,0.0,9999,9999.0,1
909,929,0,-999.0,-999.0,0.0,9999,9999.0,-76.7,23.3,200.0,10,389.7717280665698,-999.0,-999.0,0.0,9999,9999.0,1
899,929,1,-999.0,-999.0,0.0,9999,9999.0,-79.4,20.6,200.0,10,384.50227567597045,-999.0,-999.0,0.0,9999,9999.0,1
899,919,0,-999.0,-999.0,0.0,9999,9999.0,-77.9,22.1,200.0,10,375.981382517805,-999.0,-999.0,0.0,9999,9999.0,1
909,919,1,-999.0,-999.0,0.0,9999,9999.0,-83.4,16.6,200.0,12,381.36858811391375,-999.0,-999.0,0.0,9999,9999.0,1
899,919,0,-999.0,-999.0,0.0,9999,9999.0,-79.4,20.6,200.0,10,375.981382517805,-999.0,-999.0,0.0,9999,9999.0,1
899,929,1,-999.0,-999.0,0.0,9999,9999.0,-82.4,17.6,200.0,11,744.8771710825886,-999.0,-999.0,0.0,9999,9999.0,1
